Workbook

Sheet Home Page
B1: Battle Dome 4.4 Home Page
B3: Ability Resources
B4: Archer | C4: Clairvoyant | D4: Dark | E4: Dueler | F4: Heavy | G4: Noble | H4: Sorcerer | I4: Trophy
B5: Classes | D5: BETA | F5: Stats | H5: Loot Table
B6: Items
B7: Main (Stay tuned!) | E7: PvE | G7: Legacy PvE | I7: 1vE
B8: Other Resources
B9: 4.4 Host Guide | F9: Glossary
B10: How to Play | F10: Changelog
A11: You have lost The Game | J11: kry stinks

Sheet BETA
B2: BETA
B3: Beta is for content in a testing phase. To host beta content, users must ask for special permission to host, and you can use the highlight word betasignup. Beta games are looted as normal. To discuss feedback, feel free to use the BD Discord. Additions to Beta must have a chance of being added and require the endorsement of a staff member. Beta content exists by default for 1 month. This may be extended as long as the content is being developed or tested. Beta games go in groupchats.
B4: Date Added | C4: Change | D4: Created by | E4: Approved by | F4: Last Edited | G4: Last Reviewed
B5: 46210 | C5: Beta Items | D5: ThrohOrFalse | E5: ThrohOrFalse | F5: 46210 | G5: 46210
B6: 46211 | C6: Banner | D6: Ocean | E6: Ocean | F6: 46211 | G6: 46211
B7: 46223 | C7: Longbow Rework | D7: Salient | E7: Elissem

Sheet Classes
A1: Name | B1: Lv. | C1: Frequency | D1: MR | E1: Damage | H1: Target | K1: Effect
E2: Roll | F2: Type | G2: Action | H2: Amount | I2: Group | J2: Range
A3: Basic Abilities
A4: Basic Attack | B4: B | C4: Every Turn | D4: 2 | E4: 1d10+2 | F4: Physical or Magical | G4: Standard | H4: 1 | I4: Foe | J4: Melee | K4: This attack is either Physical or Magical. Add ATK/MAG to the damage roll and subtract the target's PD/MD. This move's use cannot be prevented by any means, including Seal.
A5: Basic Movement | B5: B | C5: Every Turn | D5: - | E5: - | F5: - | G5: Movement | H5: - | I5: Self | J5: - | K5: The user spends MP to move an equal amount of tiles. (For all purposes, Basic Movement is not an ability, but is still an action.)
A6: Dash | B6: B | C6: Every Turn | D6: - | E6: - | F6: - | G6: Full | H6: - | I6: Self | J6: - | K6: The user spends MP to move up to x1.5 that amount of tiles (rounded down).
A7: Backstep | B7: B | C7: Passive | D7: - | E7: - | F7: - | G7: - | H7: - | I7: Self | J7: - | K7: During the user's Movement/Full action, the user has unremovable -2 MP for the rest of the turn after leaving a foe's Melee.
A8: Attack of Opportunity | B8: B | C8: Every Turn | D8: 2 | E8: 1d10+2 | F8: Physical or Magical | G8: Reaction | H8: 1 | I8: Foe | J8: Melee | K8: This may be used on a foe in the user's Melee that either: 1. uses a ranged attack that doesn't target the user (after damage is rolled) or 2. leaves the user's Melee using Dash. (AoO still adds ATK/MAG and DEF.)
A9: Class Abilities
A11: Bard (Taistelu, Felucia)
A12: =Stats!A4 & " HP | " & Stats!B4 & " ATK | " & Stats!C4 & " MAG | " & Stats!D4 & " PDEF | " & Stats!E4 & " MDEF | " & Stats!F4 & " EVA | " & Stats!G4 & " MP " -> 80 HP | 7 ATK | 7 MAG | 0 PDEF | 0 MDEF | 1.7 EVA | 3 MP | G12: "A support class that links to an ally to maximise the impact of their class abilities."
A13: Duet | B13: 1 | C13: Every Turn | D13: - | E13: - | F13: - | G13: Free | H13: 1 | I13: Ally | J13: Global | K13: Apply Duet to one player. Bard abilities also originate from that player and consider them an ally. The user may also use this ability to end their Duet. Effects stack on targets in the overlap; Bard attack targets take an additional hit that uses the same accuracy roll.
A14: Rising Hope | B14: 1 | C14: Passive | D14: - | E14: - | F14: - | G14: - | H14: AoE | I14: Self and Allies | J14: Burst 1 | K14: The user and allies within range have +1 ACC and CR. Players can benefit from a maximum of 2 Rising Hopes at a time.
A15: Dissonance | B15: 2 | C15: EoT | D15: 3 | E15: 2d6+0 | F15: Magical | G15: Swift | H15: AoE | I15: Foes | J15: Cone 2 | K15: Inflict 3 Bleed/1. This attack's hits ignore ATK/MAG, half foes' DEF, and outside damage factors. Damage on targets hit twice is increased by 3 for one round.
A16: Primadonna | B16: 3 | C16: Twice/E3T | D16: - | E16: - | F16: - | G16: Free | H16: AoE | I16: Self and Allies | J16: Star 4 | K16: If the player this ability originates from has more MAG than ATK, target's gain +4 MAG/1 and -3 MDEF/1; otherwise, targets gain +4 ATK/1 and -3 MDEF/1. Targets whose ATK and MAG are buffed by this also gain +1 damage dice/1, which doubles on critical hits.
A17: Fantasia | B17: 4 | C17: Thrice/EoT | D17: - | E17: - | F17: - | G17: Free | H17: 1 | I17: Self | J17: - | K17: Select a bonus: +3 ATK/MAG, +1 ACC/CR, +4 DEF. Until the start of the user's next turn, Rising Hope becomes Star 2 and additionally grants the bonuses selected during this and prior uses of Fantasia. The user may not pick the same bonus more than once.
A18: Staccato | B18: 5 | C18: Once | D18: 2 | E18: 1d6+0 | F18: - | G18: Reaction | H18: 1 | I18: Foe | J18: Global | K18: This may be used when a foe attacks the user or their Duet ally, after damage is rolled. Apply hits to the target and foes within Star 2 of the user and Duet ally. Each hit inflicts -2 DEF/1 and -1 EVA/1. If the attacker kills the Duet ally, the user gains a permanent +2 MP, ACC and CR. This attack ignores outside damage factors.
A19: Blacksmith (Methridium)
A20: =Stats!H4 & " HP | " & Stats!I4 & " ATK | " & Stats!J4 & " MAG | " & Stats!K4 & " PDEF | " & Stats!L4 & " MDEF | " & Stats!M4 & " EVA | " & Stats!N4 & " MP " -> 65 HP | 9 ATK | 8 MAG | 4 PDEF | 6 MDEF | 0.9 EVA | 3 MP | G20: "A specialist in trapping and area denial; corner your foes, or make them regret approaching you."
A21: Ironclad | B21: 1 | C21: Passive | D21: - | E21: - | F21: - | G21: - | H21: - | I21: - | J21: - | K21: When an attack deals 40+ damage to the user, the attacker is inflicted with 2 Cripple/1; if 55+ (before this effect), 10% of its damage is nullified, and dealt back to the attacker.
A22: Mantrap | B22: 1 | C22: Thrice/EoT | D22: - | E22: - | F22: - | G22: Free | H22: 1 | I22: Tile | J22: Homing 5 | K22: When a foe ends their turn within or willingly enters the targeted tile's Star 1, the user may, as a Reaction, inflict them with 3 Cripple/1 and -4 DMG/1, removing this effect.
A23: Smokescreen | B23: 2 | C23: E3T | D23: - | E23: - | F23: - | G23: Free | H23: - | I23: Self | J23: - | K23: Until the start of the user's next turn, all attacks entering the user's Burst 2 have -2 Range and -7 DMG, and attacks used within the user's Burst 2 have -2 Range.
A24: Tinker's Dam | B24: 3 | C24: Once | D24: - | E24: - | F24: - | G24: Swift | H24: 1 | I24: Tile | J24: Range 3 | K24: The user creates a wall of Stone on unoccupied tiles on the target and its Line 2 in a chosen direction, which is removed after 2 rounds, or can be removed on the user's turn as a Free action. Foes ending their turn with any of these Stone tiles in their melee take 5 damage and are Burned 3/1. Stone tiles function like Ice, but take 30 damage to break and have 1 EVA.
A25: Reforge | B25: 4 | C25: E3T | D25: - | E25: - | F25: - | G25: Movement | H25: 1 | I25: Foe or Ally | J25: Melee | K25: Choose one of the target's base stats, except HP. If the target is a foe, reduce the chosen base stat by 1/3 for one round, and the target cannot receive buffs to that stat while under this effect. If the target is an ally, the chosen base stat is 1.5x for one round.
A26: Mending Mantel | B26: 5 | C26: Once | D26: - | E26: - | F26: - | G26: Full | H26: 1 | I26: Tile | J26: Homing 3 | K26: Place a Hearth tile on the target. Hearth tiles give +5 DEF/1 and 5 HP in healing to the user and allies whenever they end their turn in its Star 3 (ignoring Foe obstructions). Hearth tiles also have the effects of Stone, and are removed when the user dies.
A27: Cleric (Ocean, Vrji)
A28: =Stats!O4 & " HP | " & Stats!P4 & " ATK | " & Stats!Q4 & " MAG | " & Stats!R4 & " PDEF | " & Stats!S4 & " MDEF | " & Stats!T4 & " EVA | " & Stats!U4 & " MP " -> 55 HP | 7 ATK | 10 MAG | 2 PDEF | 4 MDEF | 0.6 EVA | 3 MP | G28: "A naturally frail class dedicated to healing and supporting its allies."
A29: First Aid | B29: 1 | C29: EoT | D29: - | E29: 3d4+6 | F29: - | G29: Swift | H29: 1 | I29: Self or Ally | J29: Range 3 | K29: The target is healed the rolled amount. If the target is an ally, this may be used as a Standard action to add the user's ATK or MAG to the roll. This can only be used on a target that has been attacked in the last round.
A30: Ward | B30: 2 | C30: E3T | D30: - | E30: - | F30: - | G30: Swift | H30: AoE | I30: Self and Allies | J30: Burst 2 | K30: Targets cannot be inflicted with debuffs or statuses for one round.
A31: Heaven's Wind | B31: 3 | C31: EoT | D31: - | E31: - | F31: - | G31: Swift | H31: 2 | I31: Any | J31: Range 4 | K31: The targets teleport and swap locations.
A32: Martyrdom | B32: 4 | C32: E3T | D32: - | E32: - | F32: - | G32: Free | H32: - | I32: Self | J32: - | K32: For one round, the user's healing is increased by 15% and players who are healed by their moves receive +1 EVA/MP (max +3) until the start of the user's next turn. For each ally that has died, this healing bonus is increased by 15%.
A33: Vestments | B33: 5 | C33: Twice | D33: - | E33: - | F33: - | G33: Free | H33: 1 | I33: Self or Ally | J33: Range 4 | K33: Choose one primary target and one secondary target (they can be the same player). For one round, the primary target heals 1/4 of the damage taken by the secondary target. The primary target can only be Self if two uses of this move are available; it then uses up two uses. Players can only be the primary target of one Vestments at a time.
A34: Dancer (Ocean, Taistelu)
A35: =Stats!V4 & " HP | " & Stats!W4 & " ATK | " & Stats!X4 & " MAG | " & Stats!Y4 & " PDEF | " & Stats!Z4 & " MDEF | " & Stats!AA4 & " EVA | " & Stats!AB4 & " MP " -> 70 HP | 11 ATK | 10 MAG | 2 PDEF | 4 MDEF | 1.6 EVA | 3 MP | G35: "An offensive support class with mastery over the turn order and action economy."
A36: Pas de Deux | B36: 1 | C36: E3T | D36: - | E36: - | F36: - | G36: Standard or Full | H36: 1 | I36: Ally | J36: Melee | K36: The target immediately takes their turn after the user. Then, turn order resumes as normal. The target cannot use Pas de Deux on the given turn. If the target is a Juggernaut, they only have access to one Standard. If this is used as a Standard, the target cannot use their Movement action.
A37: Emboîté | B37: 2 | C37: Once | D37: - | E37: - | F37: - | G37: Swift | H37: AoE | I37: Self and Allies | J37: Burst 1 | K37: The targets' abilities that are on cooldown may be used one round earlier. (E3T becomes EoT; EoT becomes Every Turn, etc.)
A38: Fouetté | B38: 3 | C38: Once | D38: - | E38: - | F38: - | G38: Swift | H38: 1 | I38: Self or Ally | J38: Range 3 | K38: Until the start of the user's next turn, the target may use one Once/Twice/Thrice move without expending a Use, even if the move is out of Uses. This cannot be used on Reaction or Trigger actions.
A39: En Pointe | B39: 4 | C39: Passive | D39: - | E39: - | F39: - | G39: - | H39: - | I39: - | J39: - | K39: The user may use their Class and Item Swift actions as if they are Frees. Whenever the user targets an ally with a Dancer action, they gain a copy of this passive until the end of their next turn.
A40: Divertissement | B40: 5 | C40: Once | D40: - | E40: - | F40: - | G40: Swift | H40: 1 | I40: Self or Ally | J40: Range 3 | K40: The target's next Standard/Full attack on their next turn gains +dice faces equal to the number of actions previously used that turn (except Basic Movement), max +5 dice faces. This ability’s action type is unaffected by En Pointe.
A41: Monk (Ocean, Vrji)
A42: =Stats!A6 & " HP | " & Stats!B6 & " ATK | " & Stats!C6 & " MAG | " & Stats!D6 & " PDEF | " & Stats!E6 & " MDEF | " & Stats!F6 & " EVA | " & Stats!G6 & " MP " -> 70 HP | 12 ATK | 11 MAG | 1 PDEF | 1 MDEF | 1.1 EVA | 2 MP | G42: "A slow burn offensive class that gets more powerful every turn."
A43: Qi Force | B43: 1 | C43: Passive | D43: - | E43: - | F43: - | G43: - | H43: - | I43: - | J43: - | K43: After the player uses a non- Free or Swift attack, they gain a Qi stack, max 5. Each Qi stack gives +2 ATK/MAG. The user can gain a maximum of 2 Qi between the start of one of their turns and the start of the next. Whenever an ally dies, the user gains a stack of Qi.
A44: Soulstep | B44: 2 | C44: Twice/EoT | D44: 2 | E44: 1d6+3 | F44: Magical | G44: Movement | H44: 1 | I44: Foe | J44: Melee | K44: The user moves up to their MP. Targetting may be done either before or after this movement. This move is immune to outside damage factors, ignores DEF, and does not add ATK/MAG.
A45: Eightfold Shield | B45: 3 | C45: EoT | D45: - | E45: - | F45: - | G45: Free | H45: 1 | I45: Self or Ally | J45: Melee | K45: The user spends at least two Qi. For one round, the target gains +1d4+1 DEF per Qi spent.
A46: Conversion | B46: 4 | C46: Twice | D46: - | E46: - | F46: - | G46: Free | H46: - | I46: Self | J46: - | K46: The user spends between 1 and 3 Qi. The user's attacks this turn become the opposite damage type and the user's ATK and MAG are swapped. Additionally, for every Qi spent, their attacks ignore 5 DEF and gain +1 Range.
A47: Nirvana | B47: 5 | C47: Once | D47: - | E47: - | F47: - | G47: Free | H47: - | I47: Self | J47: - | K47: The user spends any amount of Qi to gain +1 dice and +2 damage on their next attack per Qi spent.
A48: Paladin (Ocean)
A49: =Stats!H6 & " HP | " & Stats!I6 & " ATK | " & Stats!J6 & " MAG | " & Stats!K6 & " PDEF | " & Stats!L6 & " MDEF | " & Stats!M6 & " EVA | " & Stats!N6 & " MP " -> 85 HP | 6 ATK | 6 MAG | 6 PDEF | 6 MDEF | 1 EVA | 2 MP | G49: "The tank. Protects allies and has excellent survivability, but moves slowly."
A50: Aegis | B50: 1 | C50: EoT | D50: - | E50: - | F50: - | G50: Reaction | H50: 1 | I50: Ally | J50: Homing 4 | K50: This may be used when an ally in range is damaged by an attack. The user moves as close to the target as possible, and 25% of the attack's damage is redirected to the user. The user is not considered a target of the attack if they were not before Aegis was used.
A51: Pavise | B51: 2 | C51: E3T | D51: - | E51: - | F51: - | G51: Free | H51: - | I51: Self | J51: - | K51: For one round, whenever the user or allies in their Burst 2 are hit by an attack, players damaged by that attack gain +3 DEF/1 per each such damaged player.
A52: Impasse | B52: 3 | C52: E3T | D52: - | E52: - | F52: - | G52: Free | H52: 1 | I52: Any | J52: Melee | K52: If used on self or an ally, the target cannot be inflicted with Push/Pull and stat reduction by foes for one round. If used on a foe, the target's buffs are removed.
A53: Radiance | B53: 4 | C53: Twice | D53: - | E53: - | F53: - | G53: Swift | H53: - | I53: Self | J53: - | K53: For one round, the user takes 80% damage from attacks, and Aegis's damage interception is increased to 50%.
A54: Oathkeeper | B54: 5 | C54: Once | D54: - | E54: - | F54: - | G54: Free | H54: 1 | I54: Ally | J54: Global | K54: The user and target gain Oath of Mercy. At the start of an affected player's turn, they heal 2 HP and gain +1 ATK/MAG (max +5). This does not stack with multiple uses of the ability. When the user or target dies, Oath of Mercy ends and all ATK/MAG gained is lost.
A55: Rifter (Taistelu, Beautifications)
A56: =Stats!O6 & " HP | " & Stats!P6 & " ATK | " & Stats!Q6 & " MAG | " & Stats!R6 & " PDEF | " & Stats!S6 & " MDEF | " & Stats!T6 & " EVA | " & Stats!U6 & " MP " -> 60 HP | 12 ATK | 13 MAG | 2 PDEF | 2 MDEF | 0.5 EVA | 3 MP | G56: "Cheat the rules to bend the situation to your favour."
A57: Rewind | B57: 1 | C57: EoT | D57: - | E57: - | F57: - | G57: Reaction | H57: 1 | I57: Self or Foe | J57: Global | K57: This may be used when the user or a foe attacking the user rolls damage for an attack. Reroll up to 3 damage dice. Rerolled dice cannot trigger or negate Bomb dice.
A58: Warp | B58: 2 | C58: Twice/EoT | D58: - | E58: - | F58: - | G58: Movement | H58: - | I58: - | J58: - | K58: The user teleports to a tile in Range 4 (ignoring player obstructions). Inflict -5 DEF/1 on foes in Burst 1 of that tile, and for the rest of the turn, the user's attacks can pass through players.
A59: Superposition | B59: 3 | C59: Every Turn | D59: - | E59: - | F59: - | G59: Standard | H59: - | I59: Self | J59: - | K59: Roll a d20 and store the result (max one stored result). As a Reaction, before the user rolls an accuracy check, they may substitute it with the stored roll. The user may also react to a foe attacking in Range 4 after accuracy. If so, replace that attack's accuracy roll with this one (this cannot make that attack miss).
A60: Fractal Division | B60: 4 | C60: Twice/EoT | D60: - | E60: - | F60: - | G60: Swift | H60: - | I60: Self | J60: - | K60: This turn, the user's next single-target attack may target 2 foes. The targets must be within Range 4, and the attack loses Splash. (If a secondary effect relies on one target, the user picks which one.)
A61: Time's Edge | B61: 5 | C61: Once | D61: - | E61: - | F61: - | G61: Free | H61: - | I61: Self | J61: - | K61: This turn, the user uses an additional Standard action which has -3 MR. The next two Standard/Full actions this turn only add 25% ATK/MAG. If the first Standard/Full deals damage, the second Standard ignores outside damage factors and ATK/MAG/DEF. The user can only use Reactions and Triggers between these actions, unless specified otherwise.
A62: Skirmisher (Methridium, Werewolf)
A63: =Stats!V6 & " HP | " & Stats!W6 & " ATK | " & Stats!X6 & " MAG | " & Stats!Y6 & " PDEF | " & Stats!Z6 & " MDEF | " & Stats!AA6 & " EVA | " & Stats!AB6 & " MP " -> 65 HP | 13 ATK | 13 MAG | 1 PDEF | 2 MDEF | 1.9 EVA | 4 MP | G63: "An elusive attacker that pressures opponents with strong positioning and blinding mobility."
A64: Adrenaline | B64: 1 | C64: Passive | D64: - | E64: - | F64: - | G64: - | H64: - | I64: - | J64: - | K64: The user's Basic Movement only has a -1 MP Backstep penalty, rather than -2. The user may use Basic Movement multiple times per turn (which still spends MP to move).
A65: Lightspeed | B65: 1 | C65: EoT | D65: - | E65: - | F65: - | G65: Free | H65: 1 | I65: Self or Ally | J65: Range 3 | K65: If the target uses Dash before the user's next turn, they may use Glide or Rushdown. Glide: The user moves up to 2 tiles per MP spent instead of 1.5 (max 12 tiles). Rushdown: After Dash, the user may immediately use a Standard, which cannot target outside of the user's Melee. Rushdown moves a max of 10 tiles and is immune to AoO.
A66: Outmaneuver | B66: 2 | C66: EoT | D66: - | E66: - | F66: - | G66: Free | H66: - | I66: Self | J66: - | K66: The user spends any amount of MP to use this move. Until the start of the user's next turn, the user's attacks used from their maximum range have +1 ACC per 2 MP spent. (Homing takes the shortest possible path.)
A67: Quick Thinking | B67: 3 | C67: EoT | D67: - | E67: - | F67: - | G67: Movement | H67: - | I67: Self | J67: - | K67: This may be used after the user resolves their last Standard action of their turn. They spend MP to move one tile per two MP spent. This Movement ignores Backstep penalty.
A68: Tunneling | B68: 4 | C68: Twice/E3T | D68: - | E68: - | F68: - | G68: Swift | H68: - | I68: Self | J68: - | K68: This turn, the user moves through all tiles and foes as if they were Normal tiles. (They cannot perform or end actions standing on obstructions or Broken tiles.)
A69: Wormhole | B69: 5 | C69: Once | D69: - | E69: - | F69: - | G69: Free | H69: 1 | I69: Tile | J69: Range 2 | K69: The user places a "Wormhole" on the target tile. Then, as a Swift action, the user or an ally may spend half of their MP (rounded up) to teleport to it. The Wormhole expires on use, or after two rounds.

Sheet Archer
A1: Name | B1: Lv. | C1: Frequency | D1: MR | E1: Damage | H1: Target | K1: Effect
E2: Roll | F2: Type | G2: Action | H2: Amount | I2: Group | J2: Range
A3: Basic Abilities
A4: =Classes!A4 -> Basic Attack | B4: =Classes!B4 -> B | C4: =Classes!C4 -> Every Turn | D4: =Classes!D4 -> 2 | E4: =Classes!E4 -> 1d10+2 | F4: =Classes!F4 -> Physical or Magical | G4: =Classes!G4 -> Standard | H4: =Classes!H4 -> 1 | ... K4: =Classes!K4 -> This attack is either Physical or Magical. Add ATK/MAG to the damage roll and subtract the target's PD/MD. This move's use cannot be prevented by any means, including Seal.
A5: =Classes!A5 -> Basic Movement | B5: =Classes!B5 -> B | C5: =Classes!C5 -> Every Turn | D5: =Classes!D5 -> - | E5: =Classes!E5 -> - | F5: =Classes!F5 -> - | G5: =Classes!G5 -> Movement | H5: =Classes!H5 -> - | ... K5: =Classes!K5 -> The user spends MP to move an equal amount of tiles. (For all purposes, Basic Movement is not an ability, but is still an action.)
A6: =Classes!A6 -> Dash | B6: =Classes!B6 -> B | C6: =Classes!C6 -> Every Turn | D6: =Classes!D6 -> - | E6: =Classes!E6 -> - | F6: =Classes!F6 -> - | G6: =Classes!G6 -> Full | H6: =Classes!H6 -> - | ... K6: =Classes!K6 -> The user spends MP to move up to x1.5 that amount of tiles (rounded down).
A7: =Classes!A7 -> Backstep | B7: =Classes!B7 -> B | C7: =Classes!C7 -> Passive | D7: =Classes!D7 -> - | E7: =Classes!E7 -> - | F7: =Classes!F7 -> - | G7: =Classes!G7 -> - | H7: =Classes!H7 -> - | ... K7: =Classes!K7 -> During the user's Movement/Full action, the user has unremovable -2 MP for the rest of the turn after leaving a foe's Melee.
A8: =Classes!A8 -> Attack of Opportunity | B8: =Classes!B8 -> B | C8: =Classes!C8 -> Every Turn | D8: =Classes!D8 -> 2 | E8: =Classes!E8 -> 1d10+2 | F8: =Classes!F8 -> Physical or Magical | G8: =Classes!G8 -> Reaction | H8: =Classes!H8 -> 1 | ... K8: =Classes!K8 -> This may be used on a foe in the user's Melee that either: 1. uses a ranged attack that doesn't target the user (after damage is rolled) or 2. leaves the user's Melee using Dash. (AoO still adds ATK/MAG and DEF.)
A9: Archer Abilities
A11: Crossbow (Zuko743, Elissem)
A12: =Stats!A9 & " HP | " & Stats!B9 & " ATK | " & Stats!C9 & " MAG | " & Stats!D9 & " PDEF | " & Stats!E9 & " MDEF | " & Stats!F9 & " EVA | " & Stats!G9 & " MP " -> 65 HP | 15 ATK | 10 MAG | 3 PDEF | 3 MDEF | 1 EVA | 2 MP | G12: "A weapon with increased effectiveness the more you hunt an enemy down."
A13: Hunter's Mark | B13: 1 | C13: Passive | D13: - | E13: - | F13: - | G13: - | H13: - | I13: - | J13: - | K13: When the user's Crossbow attack resolves, targets of that attack each gain one Mark. The user's attacks deal +1d4 damage for every Mark on any one of its targets. Marks only apply to their user's abilities.
A14: Arrow Flurry | B14: 1 | C14: Every Turn | D14: 3 | E14: 2d8+7 | F14: Physical | G14: Standard | H14: 1 | I14: Foe | J14: Range 6 | K14: If the original target has a Mark, this move has Splash 1. If the target has 3+ Marks, this move instead has Splash 2.
A15: Cursed Bolts | B15: 2 | C15: EoT | D15: 3 | E15: 2d8+4 | F15: Magical | G15: Standard | H15: 1 | I15: Foe | J15: Line 6 | K15: The target is inflicted with 3X Curse/1, where X is Marks on the target. If the target has 3+ Marks, this move ignores negative outside damage factors.
A16: Arrow Net | B16: 3 | C16: E3T | D16: 4 | E16: 3d8+4 | F16: Physical | G16: Standard | H16: 1 | I16: Foe | J16: Range 6 | K16: Before damage, the target takes 3 damage every time they gain a Mark from the user for one round.
A17: Pierce | B17: 4 | C17: EoT | D17: 5 | E17: 2d8+5 | F17: Physical | G17: Standard | H17: AoE | I17: Foes | J17: Pierce 6 | K17: If a target has 1+ Marks, this move ignores evasions and 1/4 DEF. If a target has 2+ Marks, this move also ignores negative accuracy modifiers and ignores 1/2 DEF instead.
A18: Bolt Compaction | B18: 5 | C18: Twice/EoT | D18: - | E18: - | F18: - | G18: Free | H18: 1 | I18: Self | J18: - | K18: This turn, the user negates the secondary effects of their Standard Crossbow attacks. Next turn, regardless of if the negated attack hit, their first Standard attack has +1 dice and the negated effects.
A19: Quick Scope | B19: 5 | C19: Twice/EoT | D19: 3 | E19: 1d4+4 | F19: Physical | G19: Swift | H19: 1 | I19: Foe | J19: Range 6 | K19: This move ignores ATK/MAG, half of the target's DEF, and outside damage factors (except Hunter's Mark).
A20: Explosive Shot | B20: 6 | C20: Once | D20: 4 | E20: 2d8+2 | F20: Physical | G20: Standard | H20: 1 | I20: Foe | J20: Range 6 | K20: The target holds a "Bomb". If a foe with a Bomb targets another foe (including their allies) they transfer the Bomb to one of their targets. After one round or when the holder dies, the Bomb detonates and deals Xd4 Bomb damage to foes in the Bomb's Burst 1. X = the foe who held the Bomb with the most Marks.
A21: Tornado Bolt | B21: 7 | C21: Twice/EoT | D21: 4 | E21: 1d8+4 | F21: Magical | G21: Standard | H21: 1 | I21: Foe | J21: Line 6 | K21: This move has Push X equal to 1 + # of Marks on the target. If the target cannot be pushed the full distance, they gain +1 Mark.
A22: Shadow Quiver | B22: 8 | C22: Once | D22: - | E22: - | F22: - | G22: Swift | H22: - | I22: Self | J22: - | K22: The user's next standard attack becomes Magical, treats non-player obstructions as Air tiles, and ignores non-targets. This attack loses 2 damage per Air tile passed through.
A23: Serrated Arrows | B23: 9 | C23: Twice/E3T | D23: 4 | E23: 2d8+5 | F23: Physical | G23: Standard | H23: 1 | I23: Foe | J23: Range 6 | K23: The target is inflicted with X Bleed/1 equal to half of the damage from this attack's Hunter's Mark.
A24: Final Hour | B24: 10 | C24: Once | D24: - | E24: - | F24: - | G24: Free | H24: 1 | I24: Self | J24: - | K24: On the user's next attack, Hunter's Mark has +4 dice faces.
A25: Bolt Arsenal | B25: EX1 | C25: Every Turn | D25: - | E25: - | F25: - | G25: Trigger | H25: - | I25: Self | J25: - | K25: When they use a single-target Standard Crossbow attack, the user chooses one Bolt: Bounty Bolt: The target additionally gains half the Marks of the latest foe that died. Split-Head Bolt: The attack targets another foe, but loses Splash. Reeling Bolt: The target is pulled to a tile in the user's Line 3-6 (in the direction of the attack). These Bolts can only be used once until refresh. As a Swift action, refresh these Bolts.
A26: Quiver of Thunder | B26: EX2 | C26: Once | D26: - | E26: - | F26: - | G26: Free | H26: AoE | I26: Foes | J26: Global | K26: For one round, foes can only target entities in their Line 8. If they attack the user in Melee, they gain +1 Mark.
A27: Longbow (Salient, Felucia)
A28: =Stats!A11 & " HP | " & Stats!B11 & " ATK | " & Stats!C11 & " MAG | " & Stats!D11 & " PDEF | " & Stats!E11 & " MDEF | " & Stats!F11 & " EVA | " & Stats!G11 & " MP " -> 60 HP | 19 ATK | 13 MAG | 0 PDEF | 2 MDEF | 0.6 EVA | 0 MP | G28: "A magical bow with massive range and a few tricks up its sleeve for melee combat."
A29: Bound Bow | B29: 1 | C29: Passive | D29: - | E29: - | F29: - | G29: - | H29: - | I29: - | J29: - | K29: The user's Physical attacks become Magical when they target at least one entity at Range 3+. Once per turn, when the user attacks at Range 1-2, the user gains +3 DEF/1.
A30: Swift Shot | B30: 1 | C30: Every Turn | D30: 3 | E30: 2d10+7 | F30: Physical | G30: Standard | H30: 1 | I30: Foe | J30: Range 10 | K30: If the target is at Range 7+, this move critical hits on 14+. If the target is at under Range 3, gain +1 MP for 2 rounds.
A31: Crippling Shot | B31: 2 | C31: Every Turn | D31: 3 | E31: 2d8+5 | F31: Physical | G31: Standard | H31: 1 | I31: Foe | J31: Range 10 | K31: This move's effect changes based on the Range it is used on. 1-2: This move inflicts Slow/1. 3+: This move inflicts 2 Cripple/1 on accuracy rolls of 14+. 7+: This move inflicts Cripple regardless of accuracy.
A32: Blessed Arrow | B32: 3 | C32: Every Turn | D32: 3 | E32: 2d10+2 | F32: Physical | G32: Standard | H32: 1 | I32: Foe | J32: Range 10 | K32: For one round, all healing and buffs received or given by allies (including self) within Star 2 of the target is increased by x1.25, and any debuffs given to foes within Star 2 of the target are increased by x1.25 (these effects do not stack). As a non-damaging Standard, this move is 1/Tile/Range 10.
A33: Scatter Shot | B33: 4 | C33: EoT | D33: 4 | E33: 2d10+5 | F33: Physical | G33: Standard | H33: 1 or AoE | I33: Foe(s) | J33: Range 10 or Burst 1 | K33: If the original target is at Range 7+, this move gains Splash 1.
A34: Dispell Bow | B34: 5 | C34: E3T | D34: - | E34: - | F34: - | G34: Free | H34: 1 | I34: Self | J34: - | K34: This turn, the user has +2 MP and the user's ranged attacks have their Range reduced to 3 . Next turn, the user has +1 MP and the user's ranged attacks have their Range reduced to 6.
A35: Arcane Shot | B35: 6 | C35: Twice/EoT | D35: 5 | E35: 3d10+6 | F35: Magical | G35: Standard | H35: 1 | I35: Foe | J35: Range 10 | K35: If the target is at under Range 3, this move has Push 3. If the target is at Range 7+, this move ignores up to 10 DEF.
A36: Chase Arrow | B36: 7 | C36: Twice/EoT | D36: 3 | E36: 1d10+5 | F36: Physical | G36: Standard | H36: 1 | I36: Foe | J36: Homing 10 | K36: Targets must be within 8 tiles of the user. This move may target any foes on the path towards the original target, so long as the path taken doesn't exceed the move's range. Damage to these foes does not add ATK/MAG and ignores DEF.
A37: Volley | B37: 8 | C37: Twice/EoT | D37: 4 | E37: 1d10+5 (Double Hit) | F37: Physical | G37: Standard | H37: 1 | I37: Foe | J37: Range 10 | K37: If the target is 7+ tiles away this move gains +1 hit, if there are any foes within Splash 1 of the original target, this move gains an additional +2 hits. These bonus hits each target a random foe (including ice/stone tiles) in Splash 1 from the original target (including the original target), each apply half of the targets' DEF, and do not add ATK/MAG.
A38: Fireworks | B38: 9 | C38: Once | D38: 5 | E38: 4d8+4 | F38: Physical | G38: Standard | H38: 1 | I38: Foe | J38: Range 10 | K38: If the target is at Range 7+, this move has Bomb dice. If the target is under Range 3, before damage, Bound Bow's bonuses become +5 DEF/1 and +1 MP/1 until the user attacks at Range 3+.
A39: Sniper's Focus | B39: 10 | C39: Every Turn | D39: - | E39: - | F39: - | G39: Trigger | H39: - | I39: Self | J39: - | K39: This turn, the user's Standard actions are Full actions and their Range 7+ effects trigger at Range 4+.
A40: Bound Gauntlet | B40: EX1 | C40: Passive | D40: - | E40: - | F40: - | G40: - | H40: - | I40: Self | J40: - | K40: After dealing damage with a physical attack, deal magic damage equal to the damage (after subtracting DEF) to a different enemy in Melee range (if one exists). After dealing damage with a magical attack, your next physical attack ignores 5 DEF and cannot miss.
A41: Tactical Sniper | B41: EX2 | C41: Passive | D41: - | E41: - | F41: - | G41: - | H41: - | I41: Self | J41: - | K41: At the start of the game, designate one foe as the Bounty. Attacks against the Bounty treat obstructions as Air tiles and have +1 range. Melee attacks against the Bounty gain +1 dice. When the Bounty dies, immediately designate a new Bounty.
A42: Shortbow (bro torterra, Felucia)
A43: =Stats!A13 & " HP | " & Stats!B13 & " ATK | " & Stats!C13 & " MAG | " & Stats!D13 & " PDEF | " & Stats!E13 & " MDEF | " & Stats!F13 & " EVA | " & Stats!G13 & " MP " -> 60 HP | 13 ATK | 11 MAG | 2 PDEF | 1 MDEF | 0.3 EVA | 3 MP | G43: "A high consistency weapon that boosts its own accuracy. The brave may instead sacrifice accuracy for a high chance at deadly crits."
A44: Hawkeye | B44: 1 | C44: Passive | D44: - | E44: - | F44: - | G44: - | H44: - | I44: Self | J44: - | K44: The user has +2 ACC on all attacks. As a Trigger action before a Standard, they may sacrifice up to 5 ACC to gain an equivalent amount of CR until the start of their next turn.
A45: Blitz | B45: 1 | C45: Every Turn | D45: 3 | E45: 1d8+1 (Double Hit) | F45: Physical | G45: Standard | H45: 1 | I45: Foe | J45: Range 4 | K45: This attack critical hits on 18+. For each successful hit, the user gains +4 damage on their next attack.
A46: Windmill | B46: 2 | C46: EoT | D46: 4 | E46: 2d8+4 | F46: Physical | G46: Standard or Swift | H46: AoE | I46: Any | J46: Burst 1 | K46: The non-Foe targets gain either +X ACC or CR/1, where X is the amount of players in range. As a Swift, buffs are halved. This is only an attack as a Standard against Foes.
A47: Hook Shot | B47: 3 | C47: E3T | D47: 4 | E47: 4d6+2 | F47: Magical | G47: Standard | H47: 1 | I47: Foe or Ally | J47: Range 4 | K47: If this attack has at least +2 CR, the user may pull themselves within Range 2 of the target or the target within Range 2 of the user. This is not an attack if used on Allies.
A48: Splinter | B48: 4 | C48: EoT | D48: 4 | E48: 2d8+0 (Double Hit) | F48: Physical | G48: Standard | H48: 1 | I48: Foe | J48: Range 4 | K48: Each critical hit on this attack gives the user's next attack -1.5 dice faces and +1 base dice. Dice faces round up and cannot go below 1.
A49: Salvo | B49: 5 | C49: EoT | D49: 4 | E49: 1d6+4 (Triple Hit) | F49: Magical | G49: Standard | H49: 1 | I49: Foe | J49: Range 4 | K49: The user may target different foes with each hit. This adds ATK/MAG and applies damage effects to each target.
A50: Trick Shot | B50: 6 | C50: Twice/EoT | D50: 4 | E50: 3d8+3 | F50: Physical | G50: Standard | H50: 1 | I50: Foe | J50: Range 4 | K50: If this move has +ACC, it gains Splash 1. If this move has at least +4 ACC, it becomes Magical and gains Splash 2.
A51: Surge | B51: 7 | C51: EoT | D51: 5 | E51: 1d4+3 (Triple Hit) | F51: Magical | G51: Standard | H51: 1 | I51: Foe | J51: Range 4 | K51: Each critical hit on this attack gives the user's next multi-hit attack +1 hit.
A52: Venom Shot | B52: 8 | C52: Twice/EoT | D52: 4 | E52: 2d8+3 | F52: Physical | G52: Standard | H52: 1 | I52: Foe | J52: Range 4 | K52: This attack treats non-Hawkeye +ACC as +CR and inflicts Poison/1 equal to 2 * the +CR on this attack. If this is 12+, halve poison damage and extend it by one round.
A53: Sagittarian Pride | B53: 9 | C53: Twice | D53: 4 | E53: 2d6-1 | F53: Magical | G53: Standard | H53: AoE | I53: Foes | J53: Pierce 4 | K53: This attack has hits equal to the number of moves targets used since the start of the user's last turn.
A54: Arrow Storm | B54: 10 | C54: Once | D54: 5 | E54: 2d8-4 (Quad. Hit) | F54: Physical | G54: Standard | H54: 1 | I54: Foe | J54: Range 4 | K54: This attack critical hits on 18+.
A55: Shrapnel Tip | B55: EX1 | C55: EoT | D55: 5 | E55: 1d8-2 (Triple Hit) | F55: Physical | G55: Standard | H55: 1 | I55: Foe | J55: Range 4 | K55: Each time this attack critical hits, it gains an additional hit with MR3 and a roll of 2d3+0.
A56: Overdraw | B56: EX2 | C56: EoT | D56: 4 | E56: 4d8+0 | F56: Physical | G56: Standard | H56: AoE | I56: Foes | J56: Pierce 4 | K56: The user's next attack gains one of the following bonuses: If single-hit, the non-duration numbers in its effect are doubled, including X. If multi-hit, its +ACC is instead treated as +dice faces on its accuracy rolls.

Sheet Clairvoyant
A1: Name | B1: Lv. | C1: Frequency | D1: MR | E1: Damage | H1: Target | K1: Effect
E2: Roll | F2: Type | G2: Action | H2: Amount | I2: Group | J2: Range
A3: Basic Abilities
A4: =Classes!A4 -> Basic Attack | B4: =Classes!B4 -> B | C4: =Classes!C4 -> Every Turn | D4: =Classes!D4 -> 2 | E4: =Classes!E4 -> 1d10+2 | F4: =Classes!F4 -> Physical or Magical | G4: =Classes!G4 -> Standard | H4: =Classes!H4 -> 1 | ... K4: =Classes!K4 -> This attack is either Physical or Magical. Add ATK/MAG to the damage roll and subtract the target's PD/MD. This move's use cannot be prevented by any means, including Seal.
A5: =Classes!A5 -> Basic Movement | B5: =Classes!B5 -> B | C5: =Classes!C5 -> Every Turn | D5: =Classes!D5 -> - | E5: =Classes!E5 -> - | F5: =Classes!F5 -> - | G5: =Classes!G5 -> Movement | H5: =Classes!H5 -> - | ... K5: =Classes!K5 -> The user spends MP to move an equal amount of tiles. (For all purposes, Basic Movement is not an ability, but is still an action.)
A6: =Classes!A6 -> Dash | B6: =Classes!B6 -> B | C6: =Classes!C6 -> Every Turn | D6: =Classes!D6 -> - | E6: =Classes!E6 -> - | F6: =Classes!F6 -> - | G6: =Classes!G6 -> Full | H6: =Classes!H6 -> - | ... K6: =Classes!K6 -> The user spends MP to move up to x1.5 that amount of tiles (rounded down).
A7: =Classes!A7 -> Backstep | B7: =Classes!B7 -> B | C7: =Classes!C7 -> Passive | D7: =Classes!D7 -> - | E7: =Classes!E7 -> - | F7: =Classes!F7 -> - | G7: =Classes!G7 -> - | H7: =Classes!H7 -> - | ... K7: =Classes!K7 -> During the user's Movement/Full action, the user has unremovable -2 MP for the rest of the turn after leaving a foe's Melee.
A8: =Classes!A8 -> Attack of Opportunity | B8: =Classes!B8 -> B | C8: =Classes!C8 -> Every Turn | D8: =Classes!D8 -> 2 | E8: =Classes!E8 -> 1d10+2 | F8: =Classes!F8 -> Physical or Magical | G8: =Classes!G8 -> Reaction | H8: =Classes!H8 -> 1 | ... K8: =Classes!K8 -> This may be used on a foe in the user's Melee that either: 1. uses a ranged attack that doesn't target the user (after damage is rolled) or 2. leaves the user's Melee using Dash. (AoO still adds ATK/MAG and DEF.)
A9: Clairvoyant Abilities
A11: Cards (Felucia / beautifications)
A12: =Stats!H9 & " HP | " & Stats!I9 & " ATK | " & Stats!J9 & " MAG | " & Stats!K9 & " PDEF | " & Stats!L9 & " MDEF | " & Stats!M9 & " EVA | " & Stats!N9 & " MP " -> 60 HP | 5 ATK | 8 MAG | 4 PDEF | 7 MDEF | 1.1 EVA | 2 MP | G12: "A high variance weapon that rewards the fortunate."
A13: Card Flip | B13: 1 | C13: Every Turn | D13: 3 | E13: 3d8+5 | F13: Magical | G13: Standard | H13: 1 | I13: Foe | J13: Range 4 | K13: Roll a d3 after rolling damage. If a 1 is rolled, this move deals 0.8x damage. If a 3 is rolled, this move deals 1.3x damage. Outside factors to damage are also affected by these multipliers.
A14: Discard | B14: 2 | C14: EoT | D14: 2 | E14: 3d10+2 | F14: Magical | G14: Standard | H14: 1 | I14: Foe | J14: Range 5 | K14: Roll a d20, on 15+ store a reroll that can be used to reroll any cards effect as a Once/Trigger action.
A15: Roulette | B15: 3 | C15: EoT | D15: 3 | E15: 3d8+5 | F15: Magical | G15: Standard | H15: 1 | I15: Foe | J15: Range 4 | K15: Roll a 1d8 to inflict a random status on the opponent, then roll a d3. If the d3 roll is 1, status the user instead. Statuses: 1 = 10 Bleed/1, 2 = 10 Poison/1, 3 = 10 Burn/1, 4 = 6 Cripple/1, 5 = Root/1, 6 = Seal/1, 7 = Stun/1, 8 = Confusion/1.
A16: Gamble | B16: 4 | C16: Twice/EoT | D16: 3 | E16: 3d8+3 | F16: Magical | G16: Standard | H16: 1 | I16: Foe | J16: Range 3 | K16: Roll d7. 1 = subtract the target's ATK and MAG. 2 = subtract the higher of the target's offensive stats. 3 = subtract the user's ATK. 4 = add the user's ATK. 5 = add the target's higher offense stat. 6 = add the user's MAG again. 7 = add the user's ATK and the target's ATK and MAG. This attack still adds the user's MAG and ignores 10 DEF.
A17: Double or Nothing | B17: 4 | C17: Twice/EoT | D17: - | E17: - | F17: - | G17: Trigger | H17: 1 | I17: Any | J17: Range 4 | K17: The user rolls a d2. On a 1, the target can't use Swift/Free actions until the end of the user's next turn. On a 2, the target gains an extra Swift action (or multiple Free actions) until the start of the user's next turn. If used on Self, this must be used at the start of the user's turn.
A18: Blackjack | B18: 5 | C18: Twice/EoT | D18: 3 | E18: 3d8+5 | F18: Magical | G18: Standard | H18: 1 | I18: Foe | J18: Range 3 | K18: On a successful hit, roll 2d10, treating 1s as either 1 or 11 (user’s choice). The user may choose to roll additional 1d10s to add to the roll. If the total is 17-20, this attack gains 1 base dice. On a total of 21, this attack instead gains 3 base dice and activates Jackpot. On a total of 22 or higher, the attack instead loses 2 base dice.
A19: Craps | B19: 6 | C19: Twice/E3T | D19: 5 | E19: 5d10-10 | F19: Magical | G19: Standard | H19: 1 | I19: Foe | J19: Range 3 | K19: This attack has Bomb dice. For every Bomb dice that triggers, the user may pick another foe within the target's Splash 1 to target (the same foe cannot be picked more than once). If 5+ bomb dice is triggered, this attack activates Jackpot. This attack is immune to (non-Cards) positive damage factors. On a critical hit, the extra dice from the critical hit do NOT have Bomb dice.
A20: Jackpot | B20: 7 | C20: Passive | D20: - | E20: - | F20: - | G20: - | H20: - | I20: - | J20: - | K20: When the user rolls the maximum roll on all dice in an accuracy, damage, or effect roll, for a total of at least 8, they gain +7 ATK/MAG, +7 DEF, +1 EVA, +1 ACC, and +2 MP for one round. This does not activate on Hi-Lo rolls, but instead activates when Hi-Lo reaches maximum dice. Repeated activation does not stack, but instead refreshes the duration.
A21: Slots Spin | B21: 8 | C21: Once | D21: 4 | E21: 5d8+0 | F21: Magical | G21: Standard | H21: 1 | I21: Foe | J21: Range 4 | K21: Roll 3d4. For every 4 rolled, this attack gains +1 dice. If no 4s are rolled, this attack gains -1 dice. if all dice are 4s, this attack gains an additional +1 dice.
A22: Hi-Lo | B22: 9 | C22: Twice/EoT | D22: 4 | E22: Xd10+5 | F22: Magical | G22: Standard | H22: 1 | I22: Foe | J22: Range 3 | K22: Roll a d10. The user predicts whether the next d10 result will be higher or lower than the previous result, then rolls again. On a correct guess, this attack gains +2 base dice and the user may continue predicting and rolling (max 5 guesses) or choose to stop. On a failed guess, the user stops and the attack loses half of its total base dice. If the roll is the same as the previous, reroll that dice.
A23: Stacked Deck | B23: 10 | C23: Once | D23: - | E23: 6d8+0 | F23: Magical | G23: Standard | H23: 1 | I23: Foe | J23: Melee | K23: In place of an accuracy roll, roll a 1d14 for an effect. 1. The opponent is healed by the roll, 2. The user takes 2x damage from all sources for one round, 3. The attack misses, 4. After damage, the user and target swap their current HP (can overheal, foes with over 200 HP are considered to have 200 HP for this effect), 5. For one round, attacks automatically hit the user, 6. The user and target gain a random position change, 7. The user and target are both Stunned/1, 8. 50% of this attack's damage is dealt to a random foe instead, 9. For one round, the user's attacks automatically hit, 10. The user gains a 1/Any/Global Once/Reaction: "Reroll one accuracy roll.", 11. Cleanse all statuses and numerical debuffs from the user & reset their other moves' frequencies, 12. Target is Sealed/1, 13. Next turn, the user may choose numbers for their cards effects, rather than rolling dice for them, 14. This attack has unremovable thrice base dice.
A24: Card Counter | B24: EX1 | C24: Every Turn | D24: - | E24: - | F24: - | G24: Reaction | H24: - | I24: Self | J24: - | K24: Once per turn, the user may choose to reroll their Cards dice effect (for Craps, reroll the damage dice).
A25: High Roller | B25: EX2 | C25: Every Turn | D25: - | E25: - | F25: - | G25: Trigger | H25: - | I25: Self | J25: - | K25: The user may choose to roll a 1d5 for each standard action the user has remaining this turn. The standard actions targeting amount becomes equal to the roll-1 (If a one is rolled, the standard is lost).
A26: Lunar Rod (Elissem)
A27: =Stats!H11 & " HP | " & Stats!I11 & " ATK | " & Stats!J11 & " MAG | " & Stats!K11 & " PDEF | " & Stats!L11 & " MDEF | " & Stats!M11 & " EVA | " & Stats!N11 & " MP " -> 70 HP | 3 ATK | 15 MAG | 0 PDEF | 3 MDEF | 0.7 EVA | 2 MP | G27: "Count the phases and strike when the Moon shines the brightest."
A28: Lunar Phase | B28: 1 | C28: Passive | D28: - | E28: - | F28: - | G28: - | H28: - | I28: Self | J28: - | K28: At the start of their first turn, the user picks a Phase. At the start of each following turn, the user shifts Phases in the following order. This Passive cannot be disabled. New Moon (+1 range) --> Waxing (+2 dice faces on accuracy and attacks) --> Full Moon (-1 dice on attacks targeting the user) --> Waning (+1 dice on attacks) --> New Moon, etc.
A29: Moonblast | B29: 1 | C29: Every Turn | D29: 3 | E29: 2d8+5 | F29: Magical | G29: Standard | H29: 1 | I29: Foe | J29: Range 3 | K29: The user's next Phase effect's value is increased by 1.
A30: Dark Reflection | B30: 2 | C30: EoT | D30: 4 | E30: 2d8+9 | F30: Magical | G30: Standard | H30: 1 | I30: Foe | J30: Range 4 | K30: For one round, the target is inflicted with the inverse effect of the user's Phase.
A31: Holy Light | B31: 3 | C31: EoT | D31: 3 | E31: 1d8+7 | F31: Magical | G31: Standard | H31: 1 | I31: Foe | J31: Range 6 | K31: If the user has Moonblast's or Celestial Blessing's effect, the target's status effects (except Seal and Stun) are extended by +1 round.
A32: Lunar Shift | B32: 4 | C32: E3T | D32: - | E32: - | F32: - | G32: Free | H32: 1 | I32: Self | J32: - | K32: The user shifts to their next Lunar Phase. If Moonblast's effect is active, it is transferred to the new Phase.
A33: Harvest Moon | B33: 5 | C33: Twice/EoT | D33: 3 | E33: 2d10+6 | F33: Magical | G33: Standard | H33: 1 | I33: Foe | J33: Range 4 | K33: If the user is in New Moon or Full Moon, they heal 1d10+2 HP. Otherwise, they do not shift Phases on their next turn. This may be used as a non-attack Standard.
A34: Tidal Wave | B34: 6 | C34: EoT | D34: 4 | E34: 3d8+7 | F34: Magical | G34: Standard | H34: AoE | I34: Foes | J34: Burst 1 | K34: Targets are inflicted with Confusion/1. New Moon grants +AoE range on this attack.
A35: Double Tide | B35: 7 | C35: Twice | D35: 4 | E35: 2d6+2 (Double Hit) | F35: Magical | G35: Standard | H35: 1 | I35: Foe | J35: Range 4 | K35: This attack Critical Hits on 16+. If this attack Critical Hits at least once, the user gains Moonblast's effect.
A36: Blood Moon | B36: 8 | C36: EoT | D36: 4 | E36: 2d8+6 | F36: Magical | G36: Standard | H36: 2 | I36: Foes | J36: Range 3 | K36: If the user is in Waxing or Waning, targets are inflicted with 2d6 Poison/1. Otherwise, targets are inflicted with 3d4 Bleed/1.
A37: Celestial Blessing | B37: 9 | C37: Twice/EoT | D37: - | E37: - | F37: - | G37: Free | H37: AoE | I37: Self and Allies | J37: Burst 1 | K37: Until the start of the user's next turn, targets gain the user's next Phase effect. Next turn, the user's Phase effect is disabled.
A38: Gravity Crash | B38: 10 | C38: Once | D38: 5 | E38: 2d10+9 | F38: Magical | G38: Standard | H38: 1 | I38: Foe | J38: Melee | K38: This attack has a different effect based on the user's Phase. New Moon: Homing 4. For one round, the target cannot use moves with Usage Limits. Waxing: Push 1d6. The target is inflicted with 4 Cripple/2. Full Moon: For one round, foes' abilities only deal 75% damage to allies in Range 5. Waning: This attack has Bomb dice.
A39: Far Side of the Moon | B39: EX1 | C39: Passive | D39: - | E39: - | F39: - | G39: - | H39: - | I39: Self | J39: - | K39: The user picks another Lunar Phase effect that doesn't shift in any way. This effect is active when their original Phase is not affected by Moonblast or Celestial Blessing. Lunar Rod attacks may use this Phase for effects instead of the original Phase.
A40: Fatal Moonlight | B40: EX2 | C40: Once | D40: 5 | E40: 2d10+10 | F40: Magical | G40: Standard | H40: 2 | I40: Foes | J40: Range 3 | K40: This attack has two effects if the user has two different Phases. New Moon: One target at max range is inflicted with Seal/1. Waxing: The user permanently gains +2d6 DEF. Full Moon: This attack may target +2 foes. Waning: This attack ignores negative damage factors.
A41: Orb (Taistelu)
A42: =Stats!H13 & " HP | " & Stats!I13 & " ATK | " & Stats!J13 & " MAG | " & Stats!K13 & " PDEF | " & Stats!L13 & " MDEF | " & Stats!M13 & " EVA | " & Stats!N13 & " MP " -> 60 HP | 9 ATK | 18 MAG | 1 PDEF | 6 MDEF | 0.6 EVA | 1 MP | G42: "A weapon that delays its own attacks to maximise their impact. Plan ahead and be rewarded."
A43: Future Sight | B43: 1 | C43: Passive | D43: - | E43: - | F43: - | G43: - | H43: - | I43: - | J43: - | K43: The user's Delay attacks always land if they hit, even if the user is dead. Delay: Delay moves have their damage and effects delayed for a specified number of rounds, landing at the start of the user's turn. Damage is rolled when the move is used, with damage altering effects applied on use.
A44: Augur | B44: 1 | C44: Every Turn | D44: 3 | E44: 3d8+0 | F44: Magical | G44: Standard | H44: 1 | I44: Foe | J44: Range 5 | K44: The user may give this move Delay-1 for +5 DMG or +3 CR on this move, or Delay-2 for both.
A45: Eventide | B45: 2 | C45: EoT | D45: 4 | E45: 3d6+4 | F45: Magical | G45: Standard | H45: 1 | I45: Foe | J45: Range 7 | K45: This ability has Delay-1. The target gains 3 Curse before damage until Eventide lands. The user may choose Delay-2 to increase the -DEF of Eventide's Curse by 2.
A46: Echo Burst | B46: 3 | C46: Every Turn | D46: 3 | E46: 2d8+6 | F46: Magical | G46: Standard | H46: 1 | I46: Foe | J46: Homing 5 (Splash 1) | K46: The user may give this move Delay-1. If so, it loses Splash, but the user gains +5 DEF until the move lands. This move cannot stack with itself.
A47: Omen | B47: 4 | C47: Twice/E3T | D47: - | E47: - | F47: - | G47: Free | H47: 1 | I47: Self | J47: - | K47: The user's next attack has an extra turn of delay with a doubled delay bonus (does not stack).
A48: Corruption | B48: 5 | C48: Twice/EoT | D48: 4 | E48: 3d8+3 | F48: Magical | G48: Standard | H48: 1 | I48: Foe | J48: Homing 5 | K48: On hit, the target takes damage equal to 5% of their max HP (before multipliers) over 100. This ability may be up to Delay-2, increasing the previous percentage by 5*Delay. Until Corruption lands, damaging statuses on the target deal bonus damage equal to half of the on-hit damage.
A49: Astral Touch | B49: 6 | C49: Twice | D49: - | E49: - | F49: - | G49: Free | H49: 1 | I49: Foe | J49: Range 7 | K49: If the target kills the user within one round, then decrease the user's delays on them by 1. If the target dies within one round, then the user may transfer one delay on them to a new target in the original's Range 7.
A50: Foresight | B50: 6 | C50: Once | D50: - | E50: - | F50: - | G50: Reaction | H50: 1 | I50: Foe | J50: - | K50: This may be used when the user is attacked, after damage is rolled. 10% of the attack's damage on each target is removed and, after damage, added to either 1) their delayed attacks, or 2) the user's HP, multiplied by the number of the user's delayed attacks.
A51: Dawn Break | B51: 7 | C51: EoT | D51: 3 | E51: 1d8+9 | F51: Magical | G51: Standard | H51: 1 | I51: Foe | J51: Range 7 | K51: This ability has Delay-2. Until this ability lands, all of the user's attacks on the target have -1 MR. The user may increase the Delay by 1 for an additional -1 MR on the target.
A52: Oracle | B52: 8 | C52: Twice/E3T | D52: 4 | E52: 2d6+8 | F52: Magical | G52: Standard | H52: 1 | I52: Foe | J52: Homing 6 | K52: The user may choose to add or remove a turn of delay from any number of the users currently delayed attacks. The user may instead use this ability as a self-targetting non-damaging Movement+Swift ability.
A53: Scry | B53: 9 | C53: EoT | D53: 3 | E53: 2d8+3 | F53: Magical | G53: Standard | H53: AoE | I53: Foes | J53: Cone 2 | K53: The user may give this Delay-1 to extend its Cone by 1. Select one target. Add 10*X% of the user's total delay on that target to this attack, where X = number of targets.
A54: Prophecy | B54: 10 | C54: Twice/E3T | D54: 5 | E54: 1d8+4 | F54: Magical | G54: Standard | H54: 1 | I54: Foe | J54: Homing 5 | K54: This attack gains +2.5 ACC and +2 DMG per delayed move that landed at the start of the user's current turn. The user may give this ability Delay-1 or 2. If so, lose the prior bonuses and gain +8 DMG per delayed move that will land at the same time as Prophecy. This bonus damage updates when delays are used.
A55: Fateweave | B55: EX1 | C55: Once | D55: 0 | E55: 3d6+5 | F55: Magical | G55: Standard | H55: 4 | I55: Foes | J55: Global | K55: Select a Delay between 1 and 5. For every foe who dies on the turn this lands, permenantly gain +2 ACC and +4 CR. After this ability lands, delays with 2 or less immediately land when the user dies. This ability is disabled after it hits, ignores ATK/MAG and outside damage factors and gains another use if it misses.
A56: Psychic Overlord | B56: EX2 | C56: Passive | D56: - | E56: - | F56: - | G56: - | H56: - | I56: - | J56: - | K56: When a foe dies to Delay damage (including through Oracle's effect), the user heals half of the overkill and gains +4 MAG. The user then selects a foe who has unlanded Delay damage, who is inflicted with -2 EVA/1 and -25% damage/1.

Sheet Dark
A1: Name | B1: Lv. | C1: Frequency | D1: MR | E1: Damage | H1: Target | K1: Effect
E2: Roll | F2: Type | G2: Action | H2: Amount | I2: Group | J2: Range
A3: Basic Abilities
A4: =Classes!A4 -> Basic Attack | B4: =Classes!B4 -> B | C4: =Classes!C4 -> Every Turn | D4: =Classes!D4 -> 2 | E4: =Classes!E4 -> 1d10+2 | F4: =Classes!F4 -> Physical or Magical | G4: =Classes!G4 -> Standard | H4: =Classes!H4 -> 1 | ... K4: =Classes!K4 -> This attack is either Physical or Magical. Add ATK/MAG to the damage roll and subtract the target's PD/MD. This move's use cannot be prevented by any means, including Seal.
A5: =Classes!A5 -> Basic Movement | B5: =Classes!B5 -> B | C5: =Classes!C5 -> Every Turn | D5: =Classes!D5 -> - | E5: =Classes!E5 -> - | F5: =Classes!F5 -> - | G5: =Classes!G5 -> Movement | H5: =Classes!H5 -> - | ... K5: =Classes!K5 -> The user spends MP to move an equal amount of tiles. (For all purposes, Basic Movement is not an ability, but is still an action.)
A6: =Classes!A6 -> Dash | B6: =Classes!B6 -> B | C6: =Classes!C6 -> Every Turn | D6: =Classes!D6 -> - | E6: =Classes!E6 -> - | F6: =Classes!F6 -> - | G6: =Classes!G6 -> Full | H6: =Classes!H6 -> - | ... K6: =Classes!K6 -> The user spends MP to move up to x1.5 that amount of tiles (rounded down).
A7: =Classes!A7 -> Backstep | B7: =Classes!B7 -> B | C7: =Classes!C7 -> Passive | D7: =Classes!D7 -> - | E7: =Classes!E7 -> - | F7: =Classes!F7 -> - | G7: =Classes!G7 -> - | H7: =Classes!H7 -> - | ... K7: =Classes!K7 -> During the user's Movement/Full action, the user has unremovable -2 MP for the rest of the turn after leaving a foe's Melee.
A8: =Classes!A8 -> Attack of Opportunity | B8: =Classes!B8 -> B | C8: =Classes!C8 -> Every Turn | D8: =Classes!D8 -> 2 | E8: =Classes!E8 -> 1d10+2 | F8: =Classes!F8 -> Physical or Magical | G8: =Classes!G8 -> Reaction | H8: =Classes!H8 -> 1 | ... K8: =Classes!K8 -> This may be used on a foe in the user's Melee that either: 1. uses a ranged attack that doesn't target the user (after damage is rolled) or 2. leaves the user's Melee using Dash. (AoO still adds ATK/MAG and DEF.)
A9: Dark Abilities
A11: Athame (Ocean)
A12: =Stats!O9 & " HP | " & Stats!P9 & " ATK | " & Stats!Q9 & " MAG | " & Stats!R9 & " PDEF | " & Stats!S9 & " MDEF | " & Stats!T9 & " EVA | " & Stats!U9 & " MP " -> 65 HP | 9 ATK | 12 MAG | 5 PDEF | 2 MDEF | 1 EVA | 3 MP | G12: "Sacrifice your life force to boost your power without limit."
A13: Crimson Pact | B13: 1 | C13: Passive | D13: - | E13: - | F13: - | G13: - | H13: - | I13: - | J13: - | K13: Whenever the user damages a foe, they sacrifice HP equal to 10% of the total damage the foe took, if able. Then, they gain permanent bonus damage equal to the HP sacrificed. (Bonus damage is also gained through effect-derived CP.)
A14: Bloodrush | B14: 1 | C14: Every Turn | D14: 2 | E14: 2d8+4 | F14: Magical | G14: Standard | H14: 1 | I14: Foe | J14: Range 4 | K14: If this move is used from maximum range, the user gains +5 DMG and +1 MP/1.
A15: Defile | B15: 2 | C15: EoT | D15: 4 | E15: 1d10+5 | F15: Magical | G15: Standard | H15: AoE | I15: Foes | J15: Pierce 4 | K15: Targets are inflicted with 3 Curse/1. Whenever a foe takes damage from this Curse, the user takes an equal amount in Crimson Pact.
A16: Purloin Youth | B16: 3 | C16: E3T | D16: 3 | E16: 3d6+5 | F16: Magical | G16: Standard | H16: 1 | I16: Foe | J16: Melee | K16: For one round, attacks targeting the user have 10% recoil. The user sacrifices HP to Crimson Pact equal to half the recoil.
A17: Sanctified Blade | B17: 4 | C17: Once | D17: - | E17: - | F17: - | G17: Swift | H17: 1 | I17: Self | J17: - | K17: Crimson Pact's sacrifice amount on the user's next single-target attack is increased by 10%. If the Foe has targeted the user since the beginning of their last turn, the amount is increased by an additional 5%.
A18: Pentagram | B18: 5 | C18: E3T | D18: 4 | E18: 2d6+3 | F18: Magical | G18: Standard | H18: AoE | I18: Foes | J18: Burst 1 | K18: At the start of the user's next turn, foes in the user's Burst 1 take 2d6+3 plus the user's Crimson Pact in damage.
A19: Black Magic | B19: 6 | C19: Passive | D19: - | E19: - | F19: - | G19: - | H19: - | I19: - | J19: - | K19: For every 5 CP the user has, they have +1 DEF. For every 7 CP, they have +1 ACC. For every 10 CP, they have +1 damage dice.
A20: Massacre | B20: 7 | C20: Once | D20: 3 | E20: 2d8+11 | F20: Magical | G20: Standard | H20: 1 | I20: Foe | J20: Melee | K20: If this kills the target, the user gains twice the amount of Crimson Pact from it and an additional use of Massacre. Otherwise, this move does not trigger Crimson Pact sacrifice.
A21: Covenant | B21: 7 | C21: Once | D21: - | E21: - | F21: - | G21: Free | H21: 1 | I21: Ally | J21: Range 3 | K21: For one round, the target shares the user's Black Magic buffs and gains the Crimson Pact passive. Crimson Pact gained by the target is applied to the user instead.
A22: Exsanguinate | B22: 8 | C22: Once | D22: 4 | E22: 2d8+6 | F22: Magical | G22: Standard | H22: 1 | I22: Foe | J22: Melee | K22: If the user acquires a Black Magic bonus from the Crimson Pact gained from this move, the bonus gained is increased by 1.
A23: Siphon Soul | B23: 9 | C23: Twice/EoT | D23: 4 | E23: 3d8+2 | F23: Magical | G23: Standard | H23: 1 | I23: Foe | J23: Range 3 | K23: Before accuracy, the user heals HP equal to their Crimson Pact.
A24: Oblation | B24: 10 | C24: Once | D24: - | E24: - | F24: - | G24: Swift | H24: - | I24: Self | J24: - | K24: The user's next attack this turn gets double bonus damage from Crimson Pact.
A25: Total Depravity | B25: EX1 | C25: Passive | D25: - | E25: - | F25: - | G25: - | H25: - | I25: - | J25: - | K25: The user's Crimson Pact sacrifice is increased by 5%. At the start of each turn, if the user attacked on their last turn, they take damage equal to their Crimson Pact. This cannot kill the user.
A26: Bloodbind | B26: EX2 | C26: Every Turn | D26: - | E26: - | F26: - | G26: Trigger | H26: - | I26: - | J26: - | K26: This may be used up to twice per turn before the user attacks. The user sacrifices any amount of CP. For each point sacrificed, they gain +1 DMG this turn and heal 1 HP when using Standard/Full attacks, regardless of hit.
A27: Scythe (Ocean)
A28: =Stats!O11 & " HP | " & Stats!P11 & " ATK | " & Stats!Q11 & " MAG | " & Stats!R11 & " PDEF | " & Stats!S11 & " MDEF | " & Stats!T11 & " EVA | " & Stats!U11 & " MP " -> 55 HP | 9 ATK | 16 MAG | 6 PDEF | 4 MDEF | 0.6 EVA | 2 MP | G28: "Steals the opponent's HP with every attack."
A29: Reaper's Touch | B29: 1 | C29: Passive | D29: - | E29: - | F29: - | G29: - | H29: - | I29: - | J29: - | K29: Whenever the user damages a foe, the user heals 1/8 of the damage dealt.
A30: Reap | B30: 1 | C30: Every Turn | D30: 2 | E30: 2d8+3 | F30: Magical | G30: Standard | H30: 1 | I30: Foe | J30: Melee | K30: Reaper's Touch heals 1/5 of the damage dealt on this attack instead of 1/8.
A31: Hades' Toll | B31: 2 | C31: EoT | D31: 3 | E31: 2d10+1 | F31: Magical | G31: Standard | H31: 1 | I31: Foe | J31: Homing 4 | K31: For two rounds, the user's Reaper's Touch heal is increased 50% on attacks against the target.
A32: Haunted Swing | B32: 3 | C32: EoT | D32: 4 | E32: 3d6+4 | F32: Magical | G32: Standard | H32: AoE | I32: Foes | J32: Beam 2 | K32: Targets at full HP take an additional 5 damage. The user heals 5 HP for each target this triggers on.
A33: Wither Soul | B33: 4 | C33: EoT | D33: 3 | E33: 2d8+6 | F33: Magical | G33: Standard | H33: AoE | I33: Foes | J33: Burst 1 | K33: For each debuff or status that any target is under, the user heals an additional 3 HP from Reaper's Touch.
A34: Pestilent Strike | B34: 5 | C34: EoT | D34: 3 | E34: 2d10+8 | F34: Magical | G34: Standard | H34: 1 | I34: Foe | J34: Range 3 | K34: The target is inflicted with Poison/1 equal to the amount of Reaper's Touch healing calculated from this attack. If this amount is at least 6, the poison damage is halved and extended one round.
A35: Coup de Grâce | B35: 6 | C35: E3T | D35: 3 | E35: 2d8+5 | F35: Magical | G35: Standard | H35: 1 | I35: Foe | J35: Homing 5 | K35: If this kills a target, the user heals 10 HP and gains +5 damage to their next attack.
A36: Spirit Break | B36: 7 | C36: Twice | D36: 4 | E36: 5d6+5 | F36: Magical | G36: Standard | H36: 1 | I36: Foe | J36: Range 3 | K36: The target is inflicted with -3 DEF/1, and the user gains +3 DMG/1.
A37: Memento Mori | B37: 8 | C37: Twice/EoT | D37: 4 | E37: 4d8+5 | F37: Magical | G37: Standard | H37: 1 | I37: Foe | J37: Range 5 | K37: This attack's damage is delayed for one turn. The user may choose to delay it for up to 2 additional turns. For each additional turn delayed, the user heals an additional 1/8 of the damage from Reaper's Touch.
A38: Phantasmal Shield | B38: 8 | C38: Once | D38: - | E38: - | F38: - | G38: Swift | H38: 1 | I38: Self or Ally | J38: Melee | K38: For one round, the target heals 15% of the damage taken from all attacks. Each time the target is hit by a Standard/Full attack with this effect, it is decreased by 5% (minimum 0%).
A39: Stroke of Midnight | B39: 9 | C39: Twice/E3T | D39: 4 | E39: 2d6+12 | F39: Magical | G39: Standard | H39: 1 | I39: Foe | J39: Range 3 | K39: Before damage, for one round, the user's Reaper Touch healing is instead converted into additional damage on that attack. Other Scythe-sourced healing is converted into +DMG/1.
A40: Phantom Blade | B40: 10 | C40: Once | D40: 4 | E40: 6d6+6 | F40: Magical | G40: Standard | H40: 1 | I40: Foe | J40: Melee | K40: The amount the user heals from Reaper's Touch on this attack is equal to amount of HP the user has healed from Scythe abilities (except Phantom Blade) in the last round.
A41: Immortal Coil | B41: EX1 | C41: Passive | D41: - | E41: - | F41: - | G41: - | H41: - | I41: - | J41: - | K41: When the user would die for the first time, they are instead set to 1 HP and immediately take their turn. The user cannot take damage during this bonus turn. Then, they take damage equal to the overkill amount of the attack that would have killed them. Turn order then resumes normally.
A42: Quietus | B42: EX2 | C42: Passive | D42: - | E42: - | F42: - | G42: - | H42: - | I42: - | J42: - | K42: The user's attacks automatically hit and kill targets below 25% HP.
A43: Totems (God evening, Methridium)
A44: =Stats!O13 & " HP | " & Stats!P13 & " ATK | " & Stats!Q13 & " MAG | " & Stats!R13 & " PDEF | " & Stats!S13 & " MDEF | " & Stats!T13 & " EVA | " & Stats!U13 & " MP " -> 65 HP | 3 ATK | 14 MAG | 0 PDEF | 7 MDEF | 0.7 EVA | 1 MP | G44: "Carve and control a Totem tile to support or punish nearby players."
A45: Whittle | B45: 1 | C45: Every Turn | D45: - | E45: - | F45: - | G45: Free | H45: 1 | I45: Tile | J45: Homing 2 | K45: The user sacrifices 10 HP to create a Totem tile on the target, removing any existing Totem tile. Totems have a range of Burst 1 and can have one of three types: Blood, Bone, or Soul, starting in Blood when placed. Totem tiles cannot be overwritten.
A46: Totem of Blood | B46: 1 | C46: EoT | D46: - | E46: - | F46: - | G46: Trigger | H46: - | I46: - | J46: - | K46: The user's Totem becomes a Totem of Blood. Within Homing 6 of their Totem of Blood, the user may originate Totems moves from it, granting +5 DMG and -1 Range.
A47: Void's Call | B47: 1 | C47: Every Turn | D47: 2 | E47: 1d12+6 | F47: Magical | G47: Standard | H47: 2 | I47: Foes | J47: Homing 3 (Pull 2) | K47: Targets are pulled towards the user's Totem tile instead of the user, if one exists.
A48: Left-Hand Path | B48: 2 | C48: EoT | D48: 3 | E48: 3d8+5 | F48: Magical | G48: Standard | H48: 1 | I48: Foe | J48: Line 6 | K48: The user moves along the line, from it's origin, until they hit a non-entity obstruction. If the user has no active Totem, the target is inflicted with -2 EVA/1 and -3 DEF/1.
A49: Totem of Bone | B49: 3 | C49: EoT | D49: - | E49: - | F49: - | G49: Trigger | H49: - | I49: - | J49: - | K49: The user's Totem becomes a Totem of Bone. Within a Totem of Bone's range, the user and their allies have +5 DEF, and cannot be targetted by AoE moves or Splash damage used by foes outside of its range.
A50: Heredity | B50: 4 | C50: Twice | D50: 3 | E50: 2d8+8 | F50: Magical | G50: Standard | H50: 1 | I50: Foe | J50: Homing 5 | K50: The user's Totem moves as close to the target as possible, and the user heals any HP they sacrificed to create it. If the user has no Totem, they place one on the target's tile.
A51: Totem of Soul | B51: 5 | C51: EoT | D51: - | E51: - | F51: - | G51: Trigger | H51: - | I51: - | J51: - | K51: The user's Totem becomes a Totem of Soul. The user and allies may sacrifice 8 HP while within a Totem of Soul's range as an Every Turn Free action to gain +1 MP that turn and +2 dice on their next attack that turn. Numerical values are halved for allies.
A52: Feral Spark | B52: 6 | C52: EoT | D52: 3 | E52: 3d6+5 | F52: Magical | G52: Standard | H52: 1 | I52: Foe | J52: Range 4 | K52: For one round the target has 10% recoil on attacks and numerical effects of the user's current Totem type are doubled.
A53: Blasphemy | B53: 7 | C53: E3T | D53: 4 | E53: 2d10+3 | F53: Magical | G53: Standard | H53: AoE | I53: Foes | J53: Beam 2 | K53: Targets are inflicted with 6 Curse/1. While this Curse is active, targets who target an Ally have the Curse extended by one round.
A54: Effigial Pyre | B54: 8 | C54: Once | D54: - | E54: - | F54: - | G54: Swift | H54: - | I54: - | J54: - | K54: The user destroys their Totem tile and inflicts 13 Burn/1 to foes within the tile's Burst 1. For the rest of the game, the user's current Totem type loses all of its effects, but the user's Totem range becomes Burst 2.
A55: Sacrificial Lamb | B55: 9 | C55: Twice/E3T | D55: 6 | E55: 2d8+7 | F55: Magical | G55: Full | H55: 0 | I55: Foes | J55: Range 3 | K55: Before accuracy, all players within the user's Totem's range sacrifice 5 HP. For each player that sacrificed, this move gains +1 target, +1 base dice, and -1 MR.
A56: Ancestral Wrath | B56: 10 | C56: Once | D56: 4 | E56: 2d10+4 | F56: Magical | G56: Full | H56: AoE | I56: Foes | J56: Varies | K56: This ability may only be used if the user's Totem is within their Range 5 (ignoring players), and targets within the user's Totem range, with effects depending on its type: Blood: For one round, targets cannot leave the user's Totem's range willingly. Bone: The user and allies in range are cleansed of debuffs and statuses. Foes in range are cleansed of buffs. Soul: The user and allies in range are healed for 1/3 of the damage dealt by this attack.
A57: Animatus | B57: EX1 | C57: Every Turn | D57: - | E57: - | F57: - | G57: Trigger | H57: - | I57: Self | J57: - | K57: If the user has a non-Animated Totem on an unoccupied tile, it is Animated, and the user sacrifices any amount of HP to become its HP stat, and to be gained by the Totem as Shield/1. An Animated Totem is an entity allied with the user, sharing the user's DEF. When the user or Totem runs out of HP, it is removed. If the user has an Animated Totem they may, in any order, move it a number of tiles up to their MP, and deal 3d10 to foes in its Totem range.
A58: Egregore | B58: EX2 | C58: Passive | D58: - | E58: - | F58: - | G58: - | H58: - | I58: - | J58: - | K58: When the user kills a foe, their Animated Totem gains any overkill damage as HP. If their Totem is not Animated, it becomes so with HP equal to the overkill. The user may choose one active ability from the foe, which may be used (with its frequency) by Animated Totems for the rest of the game, in place of Animatus dealing damage.

Sheet Dueler
A1: Name | B1: Lv. | C1: Frequency | D1: MR | E1: Damage | H1: Target | K1: Effect
E2: Roll | F2: Type | G2: Action | H2: Amount | I2: Group | J2: Range
A3: Basic Abilities
A4: =Classes!A4 -> Basic Attack | B4: =Classes!B4 -> B | C4: =Classes!C4 -> Every Turn | D4: =Classes!D4 -> 2 | E4: =Classes!E4 -> 1d10+2 | F4: =Classes!F4 -> Physical or Magical | G4: =Classes!G4 -> Standard | H4: =Classes!H4 -> 1 | ... K4: =Classes!K4 -> This attack is either Physical or Magical. Add ATK/MAG to the damage roll and subtract the target's PD/MD. This move's use cannot be prevented by any means, including Seal.
A5: =Classes!A5 -> Basic Movement | B5: =Classes!B5 -> B | C5: =Classes!C5 -> Every Turn | D5: =Classes!D5 -> - | E5: =Classes!E5 -> - | F5: =Classes!F5 -> - | G5: =Classes!G5 -> Movement | H5: =Classes!H5 -> - | ... K5: =Classes!K5 -> The user spends MP to move an equal amount of tiles. (For all purposes, Basic Movement is not an ability, but is still an action.)
A6: =Classes!A6 -> Dash | B6: =Classes!B6 -> B | C6: =Classes!C6 -> Every Turn | D6: =Classes!D6 -> - | E6: =Classes!E6 -> - | F6: =Classes!F6 -> - | G6: =Classes!G6 -> Full | H6: =Classes!H6 -> - | ... K6: =Classes!K6 -> The user spends MP to move up to x1.5 that amount of tiles (rounded down).
A7: =Classes!A7 -> Backstep | B7: =Classes!B7 -> B | C7: =Classes!C7 -> Passive | D7: =Classes!D7 -> - | E7: =Classes!E7 -> - | F7: =Classes!F7 -> - | G7: =Classes!G7 -> - | H7: =Classes!H7 -> - | ... K7: =Classes!K7 -> During the user's Movement/Full action, the user has unremovable -2 MP for the rest of the turn after leaving a foe's Melee.
A8: =Classes!A8 -> Attack of Opportunity | B8: =Classes!B8 -> B | C8: =Classes!C8 -> Every Turn | D8: =Classes!D8 -> 2 | E8: =Classes!E8 -> 1d10+2 | F8: =Classes!F8 -> Physical or Magical | G8: =Classes!G8 -> Reaction | H8: =Classes!H8 -> 1 | ... K8: =Classes!K8 -> This may be used on a foe in the user's Melee that either: 1. uses a ranged attack that doesn't target the user (after damage is rolled) or 2. leaves the user's Melee using Dash. (AoO still adds ATK/MAG and DEF.)
A9: Dueler Abilities
A11: Gladius (bro torterra)
A12: =Stats!V9 & " HP | " & Stats!W9 & " ATK | " & Stats!X9 & " MAG | " & Stats!Y9 & " PDEF | " & Stats!Z9 & " MDEF | " & Stats!AA9 & " EVA | " & Stats!AB9 & " MP " -> 70 HP | 16 ATK | 3 MAG | 5 PDEF | 1 MDEF | 0.5 EVA | 2 MP | G12: "Swap between three different weapons to respond to any situation!"
A13: Triumvirate | B13: 1 | C13: Passive | D13: - | E13: - | F13: - | G13: - | H13: - | I13: Self | J13: - | K13: The user may swap between the following subweapons, each with respective effects: - Gladius: +1 dice on the user's attacks, - Scutum: attacks from range against the user lose 5 damage, - Pilum: Melee attacks gain +3 range. As a Standard action, the user may swap to any subweapon. Swapping due to a move effect occurs regardless of hit or miss. The user starts the game in Gladius.
A14: Exercitus | B14: 1 | C14: Every Turn | D14: 3 | E14: 3d6+6 | F14: Physical | G14: Standard | H14: 1 | I14: Foe | J14: Melee | K14: If in Gladius, swap to Scutum. If in Scutum, this has Push 3 and swap to Pilum. If in Pilum, this inflicts 4 Cripple/1 and swap to Gladius.
A15: Disengage | B15: 2 | C15: EoT | D15: 4 | E15: 2d10+7 | F15: Physical | G15: Standard | H15: 1 | I15: Foe | J15: Melee | K15: If used in Gladius, this attack inflicts -2d6 DEF/1 and has Push 1. If used in Scutum, the user takes half damage from AoE attacks for one round and is pushed back one tile. The user switches to Pilum.
A16: Forward Jab | B16: 3 | C16: EoT | D16: 3 | E16: 1d12+10 | F16: Physical | G16: Standard | H16: 1 | I16: Foe | J16: Line 6 (Pull 3) | K16: The user must be in Pilum to use this move. This attack has +1 base dice and Pull 4 against targets over 4 tiles away. The user switches to either Gladius or Scutum.
A17: Breach | B17: 4 | C17: EoT | D17: 4 | E17: 2d8+8 | F17: Physical | G17: Standard | H17: 1 | I17: Foe | J17: Range 4 | K17: The user switches to either Gladius or Scutum. If Gladius, for one round, foes who enter the user's melee take 3d8 damage. If Scutum, for one round, the user and allies in Burst 2 cannot have their DEF ignored. The user must switch subweapons.
A18: Phalanx | B18: 5 | C18: Twice/EoT | D18: 3 | E18: 3d4+1 | F18: Physical | G18: Reaction | H18: 1 | I18: Foe | J18: Range 4 | K18: If in Scutum, this may be used on a foe hitting the user or an ally in the user's melee. If the target is in melee, this has +1 dice and the user swaps to Gladius. Else, swap to Pilum. This ignores outside factors, does not add ATK/MAG, and ignores half DEF.
A19: Shield Wall | B19: 6 | C19: Twice/EoT | D19: 4 | E19: 2d10+4 | F19: Physical | G19: Standard | H19: AoE | I19: Foes | J19: Cone 1 | K19: The user must be in either Gladius or Pilum to use this move. The user switches to Scutum and for one round, the flat modifier in base rolls on attacks targeting the user become negative. This may be used as a non-damaging Standard.
A20: Iberian Steel | B20: 7 | C20: EoT | D20: - | E20: - | F20: - | G20: Free | H20: - | I20: Self | J20: - | K20: Subweapons are "used" when the user uses a weapon attack or weapon standard in it. The user's next attack this turn in a subweapon with fewer uses than both others gains +1 dice. If it has 2+ fewer uses than both others, it also gains +2 ACC.
A21: Deus Vult | B21: 8 | C21: Once | D21: 4 | E21: 2d12+2 | F21: Physical | G21: Standard | H21: 1 | I21: Foe | J21: Melee | K21: If used in Scutum, before accuracy, for one round, the user cannot be affected by any status or debuff and has any such effect removed.
A22: Invigorate | B22: 9 | C22: EoT | D22: - | E22: - | F22: - | G22: Swift | H22: AoE | I22: Self and Allies | J22: Burst 2 | K22: This move grants a different bonus based on the user's subweapon. Gladius: +5 DMG/1. Scutum: 7 Shield/1. Pilum: +1 ACC and CR/1.
A23: Dual Wield | B23: 9 | C23: E3T | D23: - | E23: - | F23: - | G23: Swift | H23: - | I23: Self | J23: - | K23: This must be used before the user moves. The user's MP is halved and they choose an additional subweapon to wield until the start of their next turn. Only the user's original subweapon is considered for subweapon swapping.
A24: Weapon Crash | B24: 10 | C24: Once | D24: 5 | E24: 2d10+3 | F24: Physical | G24: Standard | H24: Varies | I24: Foe(s) | J24: Varies | K24: This move has a different range and effect depending on the user's subweapon(s). Gladius: 1/Foe/Melee, and this attack has +3 dice faces. Scutum: AoE/Foes/Cone 2, and for one round, attacks targeting the user are immune to positive outside factors to accuracy and damage. Pilum: AoE/Foes/Pierce 5, and has -3 MR. If Dual Wield is active, the user picks one range and one effect from the subweapons.
A25: Impede | B25: EX1 | C25: EoT | D25: 4 | E25: 4d8+0 | F25: Physical | G25: Standard | H25: AoE | I25: Foes | J25: Pierce 4 | K25: If in Pilum, steal targets' buffs and set their duration to one round. Switch to Scutum. If in Scutum, this becomes AoE/Foes/Beam 4. Switch to Gladius. If in Gladius, gain +1 MP/1 and lower other cooldowns by one round. Switch to Pilum.
A26: Hastiliarius | B26: EX2 | C26: Passive | D26: - | E26: - | F26: - | G26: - | H26: - | I26: - | J26: - | K26: Each subweapon gains additional passive bonuses: Gladius: +0.5X dice, Scutum: +X DEF, Pilum: +0.5X ACC X is equal to the amount of times the user has used their least used subweapon.
A27: Quarterstaff (Taistelu)
A28: =Stats!V11 & " HP | " & Stats!W11 & " ATK | " & Stats!X11 & " MAG | " & Stats!Y11 & " PDEF | " & Stats!Z11 & " MDEF | " & Stats!AA11 & " EVA | " & Stats!AB11 & " MP " -> 65 HP | 16 ATK | 0 MAG | 5 PDEF | 3 MDEF | 0.9 EVA | 2 MP | G28: "A weapon focused on counterplay and anti-bullshit."
A29: Thwack | B29: 1 | C29: Every Turn | D29: 2 | E29: 2d6+6 | F29: Physical | G29: Standard | H29: 1 | I29: Foe | J29: Melee | K29: No status or effect, except Stun, can prevent this move's use. This ability has +1 dice for every 5 ATK or MAG (whichever is higher) the target has above 20.
A30: Grave of Titans | B30: 2 | C30: E3T | D30: 4 | E30: 3d8+0 | F30: Physical | G30: Standard | H30: 1 | I30: Foe | J30: Range 3 | K30: This attack ignores DEF. For every 10 max HP (before multipliers) the target has above 120, this attack gains +3 DMG and -1 MR. If this attack's damage is reduced by foes, the user's next Standard/Full attack has +1 ACC/CR and damage dice.
A31: Inertial Shift | B31: 3 | C31: EoT | D31: 3 | E31: 2d10+6 | F31: Physical | G31: Standard | H31: 1 | I31: Foe | J31: Melee (Push 3) | K31: If, in the last round, a foe's ability moved or attempted to move the user, this ability has +2 dice and becomes Homing 8 (Pull 7).
A32: Pole Vault | B32: 4 | C32: Twice/EoT | D32: 6 | E32: 3d10+5 | F32: Physical | G32: Standard | H32: 1 | I32: Tile | J32: Range 3 (Splash 1) | K32: Select an unoccupied tile in range, ignoring range reduction. The user teleports to this tile (even on miss) and targets foes (including Ice/Stone) in its Splash. If no foes are targetted, this is not an attack.
A33: Adaptive | B33: 5 | C33: Passive | D33: - | E33: - | F33: - | G33: - | H33: - | I33: - | J33: - | K33: When the user misses a Standard/Full attack, any buffs that attack would benefit from are applied to the user's next Standard/Full attack, which also gains +2 ACC, 10% of the damage the missed attack would have dealt, and ignores 5 DEF.
A34: Fair Fight | B34: 5 | C34: Twice/E3T | D34: - | E34: - | F34: - | G34: Free | H34: 1 | I34: Self | J34: - | K34: The target of the user's next single-target attack is the Duel Partner for two rounds or until the user or target dies or the user damages another foe. The user deals and takes 30 less damage from all foes except their DP. If the DP has allies or is a monster, this value is reduced to 5.
A35: Hardwood Slam | B35: 6 | C35: Twice/EoT | D35: 3 | E35: 2d8+4 | F35: Physical | G35: Standard | H35: 1 | I35: Foe | J35: Melee | K35: The user chooses the status inflicted if its conditions are met. This attack also gains -2 MR (if Poison), +2 dice (if Confusion), or heals the user 5 HP (if Bleed). 5 Poison/2: If the user's accuracy modifier is negative or the target has increased EVA. Confusion/2: If the target's accuracy modifiers caused them to hit an attack or trigger an effect they otherwise would not have on the user or their allies. 6 Bleed/2: If the target has critical hit or had +dice on an attack on the user and allies.
A36: Exploit Feign | B36: 7 | C36: Twice/EoT | D36: 4 | E36: 1d10+3 (Double Hit) | F36: Physical | G36: Standard | H36: 1 | I36: Foe | J36: Melee | K36: Targets are inflicted with -4 DEF/1 or -4 DMG/1. If the user is debuffed by foes, they are cleansed before accuracy, this attack gains a hit, and the debuff inflicted is doubled.
A37: Stance Breaker | B37: 8 | C37: E3T | D37: 4 | E37: 4d8-2 | F37: Physical | G37: Standard | H37: 1 | I37: Foe | J37: Range 4 | K37: If, in the last round, the target gained more than 5 DEF, HP or Shield, this attack has advantage damage dice. The user gains 75% of the DEF, HP or Shield (whichever is highest) that the target recieved in this time as Shield/1.
A38: Defiance | B38: 9 | C38: EoT | D38: 2 | E38: 2d4+5 | F38: - | G38: Reaction | H38: 1 | I38: Foe | J38: Global | K38: This may be used on a foe that statuses the user or targets them outside Range 4. The user teleports to an unoccupied tile in their Melee (even on miss) and gains +2 ACC and +5 DMG to their next Standard/Full attack. This attack ignores outside damage factors.
A39: Calamitous Trance | B39: 10 | C39: Once | D39: 5 | E39: 4d6+3 | F39: Physical | G39: Standard | H39: 1 | I39: Foe | J39: Melee | K39: If the target dealt 50+ damage to the user in the last round, this attack gains +3 dice. If 75+, this attack also gains +4 dice faces. This attack has -1 MR per attack that hit the user since their last turn, inflicting Confusion/2 when MR<4.
A40: Paragon | B40: EX1 | C40: Passive | D40: - | E40: - | F40: - | G40: - | H40: - | I40: - | J40: - | K40: Adaptive's numerical bonuses are tripled. On the user's turns, they gain 5X Shield and their attacks gain +5X% damage, where X = the number of times they were targetted by foes' abilities since their last turn.
A41: Martial Mastery | B41: EX2 | C41: Twice/EoT | D41: - | E41: - | F41: - | G41: Movement | H41: - | I41: - | J41: - | K41: The user moves up to their MP+1, treating all tiles except the final as Normal. For the rest of the turn, the user's attacks ignore obstructions and DEF and invert foe's negative numerical outside damage factors.
A42: Tonfa (bro torterra)
A43: =Stats!V13 & " HP | " & Stats!W13 & " ATK | " & Stats!X13 & " MAG | " & Stats!Y13 & " PDEF | " & Stats!Z13 & " MDEF | " & Stats!AA13 & " EVA | " & Stats!AB13 & " MP " -> 55 HP | 14 ATK | 12 MAG | 9 PDEF | 9 MDEF | 0.8 EVA | 2 MP | G43: "A defensive control weapon that manipulates and then punishes foes."
A44: Disarm | B44: 1 | C44: Every Turn | D44: 2 | E44: 2d8+5 | F44: Physical | G44: Standard | H44: 2 | I44: Foes | J44: Melee | K44: Each target's next Standard/Full attack on the user has -1 dice and halved DEF ignore.
A45: Spurn | B45: 2 | C45: EoT | D45: 3 | E45: 3d6+5 | F45: Magical | G45: Standard | H45: 1 | I45: Foe | J45: Range 5 | K45: On their next turn, if the target can attack the user from Melee but does not, the user may use Attack of Opportunity against them at the end of the turn.
A46: Figure 8 | B46: 3 | C46: Every Turn | D46: 2 | E46: 2d8+10 | F46: Physical | G46: Reaction | H46: 1 | I46: Foe | J46: Global | K46: This may be used against a Foe who willingly moves out of the user's Range 2 from Melee or when the user is able to use an Attack of Opportunity. This ignores half DEF.
A47: Reversal | B47: 4 | C47: Twice/EoT | D47: 4 | E47: 4d6+2 | F47: Physical | G47: Standard | H47: 1 | I47: Foe | J47: Range 3 | K47: On their next turn, if the target can end their turn on a different tile type, but does not, the user gains +2 ACC/1 and their next attack ignores half of the target's DEF.
A48: Wear Down | B48: 5 | C48: EoT | D48: - | E48: - | F48: - | G48: Free | H48: 1 | I48: Foe | J48: Range 4 | K48: For each MP the target uses on their next turn, the user gains +3 DEF until the start of their next turn.
A49: Guard | B49: 5 | C49: Thrice | D49: - | E49: - | F49: - | G49: Trigger | H49: 1 | I49: Ally | J49: Range 3 | K49: The user's next Tonfa move replaces instances of "the user" with the target of this move.
A50: Yin Yang | B50: 6 | C50: E3T | D50: 4 | E50: 3d8+7 | F50: Varies | G50: Standard | H50: 1 | I50: Foe | J50: Varies | K50: Choose Yin or Yang. Yin: Physical/Melee. If the target does not damage the user with an attack on their next turn, they take 1d8+5 damage. Yang: Magical/Homing 4. For one round, foes take 1d8+5 damage each time they damage the user with attacks.
A51: Standoff | B51: 7 | C51: Twice/EoT | D51: 4 | E51: 2d10+8 | F51: Physical | G51: Standard | H51: 1 | I51: Foe | J51: Melee | K51: If the target ends their next turn in the user's Melee, the user may AoO them without adding ATK/MAG.
A52: Dazing Hook | B52: 8 | C52: E3T | D52: 4 | E52: 2d12+3 | F52: Magical | G52: Full | H52: 1 | I52: Foe | J52: Line 4 (Pull 3) | K52: This move's range cannot be reduced. If the target attacked the user outside of Melee in the last round, they are inflicted with Confusion and Inverse Bomb dice/1.
A53: Hold Over | B53: 9 | C53: Twice/EoT | D53: - | E53: - | F53: - | G53: Free | H53: - | I53: Self | J53: - | K53: Declare a range type. For one round, if foes target the user with attacks of that range type outside of the user's Melee, the user may AoO them after the attack.
A54: Gale Force | B54: 10 | C54: Once | D54: 4 | E54: 3d10+6 | F54: Magical | G54: Standard or Movement | H54: AoE | I54: Self, Foes, Allies | J54: Burst 2 | K54: Regardless of accuracy, the user may teleport any targets to any unoccupied tiles in range. This is not an attack against Allies or when used as Movement.
A55: Aikido | B55: EX1 | C55: Passive | D55: - | E55: - | F55: - | G55: - | H55: - | I55: - | J55: - | K55: When the user uses two attacks of the same damage type in one turn, they gain +2 DEF and ATK/MAG of the opposite damage type. These reset if this effect does not occur.
A56: Tempest Sweep | B56: EX2 | C56: EoT | D56: 3 | E56: 3d8+3 | F56: Varies | G56: Standard | H56: 1 | I56: Foe | J56: Homing 3 | K56: Choose Honte or Gyakute. Honte: Physical. On their next turn, the user's Tonfa attack effects that last one round/turn last an additional round/turn, respectively. Gyakute: Magical. The user's next Tonfa attack gains a Star 2 Splash range.

Sheet Heavy
A1: Name | B1: Lv. | C1: Frequency | D1: MR | E1: Damage | H1: Target | K1: Effect
E2: Roll | F2: Type | G2: Action | H2: Amount | I2: Group | J2: Range
A3: Basic Abilities
A4: =Classes!A4 -> Basic Attack | B4: =Classes!B4 -> B | C4: =Classes!C4 -> Every Turn | D4: =Classes!D4 -> 2 | E4: =Classes!E4 -> 1d10+2 | F4: =Classes!F4 -> Physical or Magical | G4: =Classes!G4 -> Standard | H4: =Classes!H4 -> 1 | ... K4: =Classes!K4 -> This attack is either Physical or Magical. Add ATK/MAG to the damage roll and subtract the target's PD/MD. This move's use cannot be prevented by any means, including Seal.
A5: =Classes!A5 -> Basic Movement | B5: =Classes!B5 -> B | C5: =Classes!C5 -> Every Turn | D5: =Classes!D5 -> - | E5: =Classes!E5 -> - | F5: =Classes!F5 -> - | G5: =Classes!G5 -> Movement | H5: =Classes!H5 -> - | ... K5: =Classes!K5 -> The user spends MP to move an equal amount of tiles. (For all purposes, Basic Movement is not an ability, but is still an action.)
A6: =Classes!A6 -> Dash | B6: =Classes!B6 -> B | C6: =Classes!C6 -> Every Turn | D6: =Classes!D6 -> - | E6: =Classes!E6 -> - | F6: =Classes!F6 -> - | G6: =Classes!G6 -> Full | H6: =Classes!H6 -> - | ... K6: =Classes!K6 -> The user spends MP to move up to x1.5 that amount of tiles (rounded down).
A7: =Classes!A7 -> Backstep | B7: =Classes!B7 -> B | C7: =Classes!C7 -> Passive | D7: =Classes!D7 -> - | E7: =Classes!E7 -> - | F7: =Classes!F7 -> - | G7: =Classes!G7 -> - | H7: =Classes!H7 -> - | ... K7: =Classes!K7 -> During the user's Movement/Full action, the user has unremovable -2 MP for the rest of the turn after leaving a foe's Melee.
A8: =Classes!A8 -> Attack of Opportunity | B8: =Classes!B8 -> B | C8: =Classes!C8 -> Every Turn | D8: =Classes!D8 -> 2 | E8: =Classes!E8 -> 1d10+2 | F8: =Classes!F8 -> Physical or Magical | G8: =Classes!G8 -> Reaction | H8: =Classes!H8 -> 1 | ... K8: =Classes!K8 -> This may be used on a foe in the user's Melee that either: 1. uses a ranged attack that doesn't target the user (after damage is rolled) or 2. leaves the user's Melee using Dash. (AoO still adds ATK/MAG and DEF.)
A9: Heavy Abilities
A11: Axe (bro torterra)
A12: =Stats!A16 & " HP | " & Stats!B16 & " ATK | " & Stats!C16 & " MAG | " & Stats!D16 & " PDEF | " & Stats!E16 & " MDEF | " & Stats!F16 & " EVA | " & Stats!G16 & " MP " -> 70 HP | 24 ATK | 0 MAG | 2 PDEF | 0 MDEF | 0.2 EVA | 1 MP | G12: "Prioritises colossal damage and ATK over everything else."
A13: Bloodlust | B13: 1 | C13: Passive | D13: - | E13: - | F13: - | G13: - | H13: - | I13: - | J13: - | K13: Whenever the user deals or takes 15+ damage from an attack, they gain 1 Rage stack.
A14: Feral Chop | B14: 1 | C14: Every Turn | D14: 3 | E14: 2d10+X | F14: Physical | G14: Standard | H14: 1 | I14: Foe | J14: Melee | K14: X = 2.5 * the user's current Rage.
A15: Chain Axe | B15: 2 | C15: Every Turn | D15: 4 | E15: 1d10+2 | F15: Physical | G15: Standard | H15: 1 | I15: Foe | J15: Range 4 (Pull 3) | K15: For one round, Bloodlust gives an extra Rage per instance of damage.
A16: Power Swing | B16: 3 | C16: EoT | D16: 6 | E16: 3d10+6 | F16: Physical | G16: Standard | H16: 1 | I16: Foe | J16: Melee | K16: The user spends X Rage to give this move -X MR and +2X Crit Range.
A17: Wide Slash | B17: 4 | C17: EoT | D17: 4 | E17: 2d10+7 | F17: Physical | G17: Standard | H17: AoE | I17: Foes | J17: Cone 1 | K17: Up to 2 times, the user may spend 2 Rage to give this attack +1 range.
A18: Vindictive | B18: 5 | C18: Passive | D18: - | E18: - | F18: - | G18: - | H18: - | I18: - | J18: - | K18: The user gains 2 Rage when they kill a foe or miss a Standard/Full attack.
A19: Knockback | B19: 6 | C19: EoT | D19: 4 | E19: 2d10+6 | F19: Physical | G19: Standard | H19: 1 | I19: Foe | J19: Melee (Push 1) | K19: This attack inflicts Slow/1. The user may spend a Rage stack to increase this move's Push by 1 and/or instead inflict Cripple 6/1.
A20: Franciscate | B20: 7 | C20: Twice | D20: 4 | E20: 3d10+3 | F20: Physical | G20: Standard | H20: 1 | I20: Self or Foe | J20: Line 6 | K20: The user gains +2 MP and is Sealed for one round. The user may spend 1 rage to negate the Seal. This may be used as a non-damaging Standard targeting the user.
A21: Gash | B21: 8 | C21: E3T | D21: 5 | E21: 2d10+8 | F21: Physical | G21: Standard | H21: 1 | I21: Foe | J21: Melee | K21: The user may spend Rage on this attack. The target is inflicted with 5 Bleed/X, where X is the amount of Rage spent.
A22: Sever | B22: 9 | C22: Twice/E3T | D22: 3 | E22: 1d10+1 | F22: Physical | G22: Standard | H22: 1 | I22: Foe | J22: Melee | K22: The user may spend Rage on this attack to give it +1 hit and +1 MR per Rage spent.
A23: Amped Strike | B23: 10 | C23: Once | D23: 5 | E23: 3d10+6 | F23: Physical | G23: Standard | H23: 1 | I23: Foe | J23: Melee (Splash 1) | K23: This attack has +damage equal to 4 * the user's Rage. The user loses all Rage.
A24: Swing Cycle | B24: EX1 | C24: Passive | D24: - | E24: - | F24: - | G24: - | H24: - | I24: - | J24: - | K24: At the start of each turn, the user may spend 2 Rage to reset the cooldowns and frequencies of their last two attacks. Chain Axe becomes EoT. The user starts the game with 1 Rage.
A25: Wrath | B25: EX2 | C25: EoT | D25: 5 | E25: 1d10+10 | F25: Physical | G25: Standard | H25: 1 | I25: Tile or Foe | J25: Melee | K25: The user may spend 2 Rage per effect to gain any combination of the following effects: +4d10 to the base roll, Splash 2, -3 MR. This cost increases by 1 each time this is used. This has -2 ACC if used on a Tile.
A26: Hammer (Methridium, Felucia)
A27: =Stats!A18 & " HP | " & Stats!B18 & " ATK | " & Stats!C18 & " MAG | " & Stats!D18 & " PDEF | " & Stats!E18 & " MDEF | " & Stats!F18 & " EVA | " & Stats!G18 & " MP " -> 70 HP | 18 ATK | 7 MAG | 4 PDEF | 5 MDEF | 0.8 EVA | 1 MP | G27: "An AoE-heavy weapon that capitalizes on both player and tile obstructions."
A28: Unstoppable Force | B28: 1 | C28: Passive | D28: - | E28: - | F28: - | G28: - | H28: - | I28: - | J28: - | K28: If a foe blocks a target from being Pushed the full distance by one of the user's attacks, that foe is hit and targeted by the attack. Foes hit via this ability are pushed towards the tile the target that collided with them would have reached unobstructed, and no further.
A29: Cyclone Sweep | B29: 1 | C29: Every Turn | D29: 3 | E29: 1d8+8 | F29: Physical | G29: Standard | H29: AoE | I29: Foes | J29: Cone 1 (Push 2) | K29: This attack gains +dice equal to the number of targets hit.
A30: Storm Strike | B30: 2 | C30: Every Turn | D30: 3 | E30: 2d10+6 | F30: Physical | G30: Standard | H30: 1 | I30: Foe | J30: Range 5 (Splash 1) | K30: The user teleports to a chosen tile in the original target's Splash 1. Targets are Slowed/1.
A31: Seismic Smash | B31: 3 | C31: EoT | D31: 3 | E31: 3d8+0 | F31: Physical | G31: Standard | H31: 1 | I31: Foe | J31: Melee (Push 4) | K31: Targets are inflicted with 2 Cripple/2.
A32: Masonry | B32: 4 | C32: EoT | D32: - | E32: - | F32: - | G32: Free | H32: 1 | I32: Tile | J32: Melee | K32: If unoccupied, the targeted tile becomes a Stone tile, which functions like Ice, but with 30 HP and 1 EVA. Stone tiles created by this move are removed after two rounds, and can be Pushed and Pulled, taking no damage from moves that do so.
A33: Stonemason | B33: 4 | C33: Passive | D33: - | E33: - | F33: - | G33: - | H33: - | I33: - | J33: - | K33: The user's Hammer abilities' effects ignore Ice Clause on player-created tiles.
A34: Crush | B34: 5 | C34: EoT | D34: 4 | E34: 2d10+5 | F34: Physical | G34: Standard | H34: 1 | I34: Foe | J34: Melee (Push 2) | K34: If a target cannot be pushed the full distance, they take an additional 1d10+5 damage.
A35: Earth Render | B35: 6 | C35: E3T | D35: 4 | E35: 3d10+2 | F35: Physical | G35: Standard | H35: 1 | I35: Foe | J35: Line 3 (Splash 1) | K35: After damage or on miss, within Burst 2 of the original target, the user may choose to replace up to 2 unoccupied tiles with Broken. These Broken tiles last either 2 rounds, until the user dies, or until the user decides to remove them as a Trigger action.
A36: Lagging Spin | B36: 7 | C36: E3T | D36: 4 | E36: 1d8+10 | F36: Physical | G36: Standard | H36: AoE | I36: Foes | J36: Star 1 | K36: This move ignores 4 DEF per MP the user spent moving away from the tile they started their turn on. If the user spent all of their MP moving away, this move gains +2 dice.
A37: Gravity Well | B37: 8 | C37: E3T | D37: - | E37: - | F37: - | G37: Swift | H37: - | I37: - | J37: - | K37: When the user next attacks this turn, before accuracy, they choose any of the attack's non-Splash, non-Unstoppable Force targets. They may then Pull another entity within that target's Burst 2 to a chosen tile in that target's Burst 1.
A38: Shockwave Slam | B38: 9 | C38: Twice/E3T | D38: 4 | E38: 2d10+4 | F38: Physical | G38: Standard | H38: 1 | I38: Foe | J38: Melee (Splash Star 2) | K38: This move's Splash hits foes in the original target's Star, rather than Burst. The original target may be Pushed 2 tiles in a chosen direction. Splash targets are Pushed 2 tiles directly away from the original target.
A39: Collision Course | B39: 10 | C39: Once | D39: 5 | E39: 4d10+0 | F39: Physical | G39: Full | H39: 1 | I39: Foe | J39: Melee | K39: The original target is Pushed to a chosen tile in their Range 5. Subsequent targets are Pushed to a chosen tile in their Range 3. This move can Push the user and allies via Unstoppable Force, dealing no damage. Each target can only be hit and Pushed once.
A40: Aftershock | B40: EX1 | C40: EoT | D40: - | E40: - | F40: - | G40: Reaction | H40: 1 | I40: Foe | J40: Global | K40: This may be used after the user pushes the target with an attack, to move up to the number of tiles they were pushed, in the direction they were pushed. After moving, deal 1d10+6 damage to any foes in the user's Burst 1.
A41: Fissure | B41: EX2 | C41: Once | D41: 4 | E41: 3d10+10 | F41: Physical | G41: Standard | H41: 1 | I41: Foe | J41: Melee (Push 7) | K41: Regardless of hit, the target is pushed, and all unoccupied tiles targets exited while pushed become unremovable, unignorable Broken tiles. Foes entering Burst 1 of any of this move's Broken tiles take 2d8 damage, once per turn per Foe. On their turns, the user may choose any number of these Brokens to remove as a Trigger action.
A42: Tomahawk (Kry, God evening, howisthisworking)
A43: =Stats!A20 & " HP | " & Stats!B20 & " ATK | " & Stats!C20 & " MAG | " & Stats!D20 & " PDEF | " & Stats!E20 & " MDEF | " & Stats!F20 & " EVA | " & Stats!G20 & " MP " -> 70 HP | 15 ATK | 5 MAG | 5 PDEF | 3 MDEF | 0.4 EVA | 2 MP | G43: "A weapon reliant on positioning, benefitting from pushing people away."
A44: Heavy Weapon | B44: 1 | C44: Passive | D44: - | E44: - | F44: - | G44: - | H44: - | I44: - | J44: - | K44: The user cannot willingly leave a foe's Melee without teleporting. When a Tomahawk ability targets a player at its maximum listed range, it gains its Apex effect. Apex includes the final row/column of Beam ranges.
A45: Razor Rust | B45: 1 | C45: Every Turn | D45: 3 | E45: 2d10+3 | F45: Physical | G45: Standard | H45: AoE | I45: Foes | J45: Pierce 4 | K45: For one round, the target only has 3 MP. Apex: Additionally, inflict 5 Cripple/1.
A46: Tomahawk Toss | B46: 2 | C46: EoT | D46: 3 | E46: 2d10+6 | F46: Physical | G46: Standard | H46: 1 | I46: Foe | J46: Line 4 (Push X) | K46: X = 4 - the range this attack is used at. Apex: This attack has Pull 3 and inflicts Slow/1.
A47: Plate Crusher | B47: 2 | C47: Passive | D47: - | E47: - | F47: - | G47: - | H47: - | I47: - | J47: - | K47: When the user moves a Foe with a non-Apex Tomahawk ability, they take 2 damage for each tile travelled. The user's Apex attacks ignore 5 DEF.
A48: Kip Up | B48: 3 | C48: EoT | D48: 3 | E48: 1d10+0 | F48: Physical | G48: Movement or Swift | H48: 1 | I48: Foe | J48: Line 1 (Push 1) | K48: This attack Pushes regardless of hit. The user may negate the Push to teleport a tile away from the target. This attack ignores outside damage factors, ATK/MAG, and DEF.
A49: Repulse Slice | B49: 4 | C49: Twice / E3T | D49: 4 | E49: 2d10+4 | F49: Physical | G49: Standard | H49: 1 | I49: Foe | J49: Line 3 (Push 2) | K49: This move does not push targets in Apex. Apex: For each tile the target moves towards the user on their next turn, the values of the user's next instance of Plate Crusher are increased by 1.
A50: Continental Crash | B50: 5 | C50: Twice / EoT | D50: 4 | E50: 3d10+6 | F50: Physical | G50: Standard | H50: 1 | I50: Foe | J50: Line 2 (Push 3) | K50: After Push, the user places a Broken tile in the target's Melee lasting for 3 rounds. The user may remove this as a Trigger during their turns. Foes ending their turn in this tile's Melee take 10 damage. Apex: After Push, this attack hits foes in the target's Splash 1.
A51: Discipline | B51: 6 | C51: E3T | D51: - | E51: - | F51: - | G51: Free | H51: 1 | I51: Foe | J51: Line 3 | K51: At the start of the target's next turn, the user gains +3X DEF/1, where X = 3 - the range this move is used at. Apex: If the user's last attack had Apex, the user's next attack applies the effects of that Apex (excluding extra hits).
A52: Kinetic Impact | B52: 7 | C52: E3T | D52: 4 | E52: 3d10+2 | F52: Physical | G52: Standard | H52: 1 | I52: Foe | J52: Line 5 (Push 2) | K52: If the target cannot be moved the full distance, this attack has +1 dice. Apex: This attack has -2 Push and +2 dice faces.
A53: Two Handed | B53: 8 | C53: Twice | D53: 5 | E53: 3d10+4 | F53: Physical | G53: Standard | H53: 1 | I53: Foe | J53: Line 2 (Push 3) | K53: If the user did not push the target during their last turn, this attack gains +2 Push. Apex: If the target cannot be moved the full distance, inflict 7 Bleed/1.
A54: Elastic Collision | B54: 9 | C54: Twice / E3T | D54: 4 | E54: Xd10+2 | F54: Physical | G54: Full | H54: 1 | I54: Foe | J54: Line 1 (Push X/2) | K54: Before targeting, the user moves up to their MP value in a straight line (half for diagonals). X = 1 + the number of tiles the user moved with this attack. Apex: This attack has +2 CR.
A55: Supreme Strikes | B55: 10 | C55: Once | D55: 6 | E55: 1d10+3 | F55: Physical | G55: Standard | H55: AoE | I55: Foes | J55: Pierce 4 | K55: This attack has 1 Push for every successful hit. This attack may target in two directions, or gain a Hit and target in only one direction. Each direction rolls accuracy and checks for Apex independently. Apex: Gain +2 Hits in this direction.
A56: Fleet Footwork | B56: EX1 | C56: Passive | D56: - | E56: - | F56: - | G56: - | H56: - | I56: - | J56: - | K56: Once per turn, when the user makes an attack with Apex, they may teleport themselves or a target of the attack up to 2 tiles after the attack resolves.
A57: Line Out | B57: EX2 | C57: EoT | D57: - | E57: - | F57: - | G57: Trigger | H57: - | I57: Self | J57: - | K57: If the user's next attack (ignoring players outside of Apex) can target a foe in Apex, the attack's range may be treated as Pierce instead of Line.

Sheet Noble
A1: Name | B1: Lv. | C1: Frequency | D1: MR | E1: Damage | H1: Target | K1: Effect
E2: Roll | F2: Type | G2: Action | H2: Amount | I2: Group | J2: Range
A3: Basic Abilities
A4: =Classes!A4 -> Basic Attack | B4: =Classes!B4 -> B | C4: =Classes!C4 -> Every Turn | D4: =Classes!D4 -> 2 | E4: =Classes!E4 -> 1d10+2 | F4: =Classes!F4 -> Physical or Magical | G4: =Classes!G4 -> Standard | H4: =Classes!H4 -> 1 | ... K4: =Classes!K4 -> This attack is either Physical or Magical. Add ATK/MAG to the damage roll and subtract the target's PD/MD. This move's use cannot be prevented by any means, including Seal.
A5: =Classes!A5 -> Basic Movement | B5: =Classes!B5 -> B | C5: =Classes!C5 -> Every Turn | D5: =Classes!D5 -> - | E5: =Classes!E5 -> - | F5: =Classes!F5 -> - | G5: =Classes!G5 -> Movement | H5: =Classes!H5 -> - | ... K5: =Classes!K5 -> The user spends MP to move an equal amount of tiles. (For all purposes, Basic Movement is not an ability, but is still an action.)
A6: =Classes!A6 -> Dash | B6: =Classes!B6 -> B | C6: =Classes!C6 -> Every Turn | D6: =Classes!D6 -> - | E6: =Classes!E6 -> - | F6: =Classes!F6 -> - | G6: =Classes!G6 -> Full | H6: =Classes!H6 -> - | ... K6: =Classes!K6 -> The user spends MP to move up to x1.5 that amount of tiles (rounded down).
A7: =Classes!A7 -> Backstep | B7: =Classes!B7 -> B | C7: =Classes!C7 -> Passive | D7: =Classes!D7 -> - | E7: =Classes!E7 -> - | F7: =Classes!F7 -> - | G7: =Classes!G7 -> - | H7: =Classes!H7 -> - | ... K7: =Classes!K7 -> During the user's Movement/Full action, the user has unremovable -2 MP for the rest of the turn after leaving a foe's Melee.
A8: =Classes!A8 -> Attack of Opportunity | B8: =Classes!B8 -> B | C8: =Classes!C8 -> Every Turn | D8: =Classes!D8 -> 2 | E8: =Classes!E8 -> 1d10+2 | F8: =Classes!F8 -> Physical or Magical | G8: =Classes!G8 -> Reaction | H8: =Classes!H8 -> 1 | ... K8: =Classes!K8 -> This may be used on a foe in the user's Melee that either: 1. uses a ranged attack that doesn't target the user (after damage is rolled) or 2. leaves the user's Melee using Dash. (AoO still adds ATK/MAG and DEF.)
A9: Noble Abilities
A11: Crown (God evening, Datdoiboi, Zuko743)
A12: =Stats!H16 & " HP | " & Stats!I16 & " ATK | " & Stats!J16 & " MAG | " & Stats!K16 & " PDEF | " & Stats!L16 & " MDEF | " & Stats!M16 & " EVA | " & Stats!N16 & " MP " -> 65 HP | 12 ATK | 9 MAG | 3 PDEF | 3 MDEF | 0.5 EVA | 2 MP | G12: "Builds up their defences over time as they decay and refresh."
A13: Right to Rule | B13: 1 | C13: Passive | D13: - | E13: - | F13: - | G13: - | H13: - | I13: Self | J13: - | K13: The user starts the game with 3 Campaigns (maximum of 3), granting +2 DEF each. The user loses a Campaign when they deal or receive 10 or more damage at once. When the user makes an attack with no Campaigns, it has +1 dice and +1 accuracy.
A14: Coronation | B14: 1 | C14: Every Turn | D14: - | E14: - | F14: - | G14: Reaction or Trigger | H14: - | I14: Self | J14: - | K14: This may be used immediately when the user reaches 0 Campaigns, or at the start of the user's turn when they have no Campaigns. Right to Rule's maximum is increased by 1, and the user gains maximum Campaigns.
A15: Besiege | B15: 1 | C15: Every Turn | D15: 2 | E15: 2d8+4 | F15: Magical | G15: Standard | H15: 1 | I15: Foe | J15: Range 2 | K15: Before accuracy the user may sacrifice up to 10 HP to gain an equal Shield/1. This shield is increased 1.5x if the target has more than half of their max HP.
A16: Bastion | B16: 2 | C16: EoT | D16: 3 | E16: 3d8+1 | F16: Magical | G16: Standard | H16: AoE | I16: Foes | J16: Pierce 4 | K16: For one round, Foes attacks entering the user's Cone 1 (in a chosen direction) lose 2 dice. Until the user leaves Melee range of their current tile they have +4 DEF.
A17: Catapult Campaign | B17: 3 | C17: EoT | D17: 4 | E17: 2d10+5 | F17: Physical | G17: Standard | H17: 1 | I17: Foe | J17: Range 4 (Splash 1) | K17: This attack can't be used in Range 2. Targets with >75% HP are inflicted with 5 Bleed/1. If possible, the user may inflict themselves with 10 Bleed/1 to double the Bleed damage.
A18: Ambush | B18: 4 | C18: Thrice / E3T | D18: 3 | E18: 2d12+8 | F18: Physical | G18: Standard | H18: AoE | I18: Foes | J18: Pierce 3 | K18: The user loses all Campaigns and Coronation is disabled until the start of the user's next turn. The user gains +0.5 MP/1 and +2 damage/1 for every Campaign lost. This may be used as a non-damaging Swift on the user.
A19: Entrench | B19: 5 | C19: E3T | D19: 3 | E19: 1d10+8 | F19: Magical | G19: Standard | H19: 1 | I19: Foe | J19: Line 4 | K19: If the user has less than 6 bonus DEF, gain +3 DEF/1. For one round, the user loses an additional Campaign for each instance of Right to Rule
A20: Crusade | B20: 6 | C20: Thrice / E3T | D20: - | E20: - | F20: - | G20: Swift | H20: AoE | I20: Self and Allies | J20: Burst 1 | K20: Until the start of their next turn the user gains +1 MP and Right to Rule's bonuses are increased by 1. For this duration targetted allies gain +1 MP and the user's unmodified Right to Rule bonuses
A21: War of Attrition | B21: 7 | C21: E3T | D21: 3 | E21: 2d8+7 | F21: Physical | G21: Standard | H21: AoE | I21: Foes | J21: Burst 1 | K21: Before damage this attack inflicts the inverse of the user's active Right to Rule bonuses for one round.
A22: Shock and Awe | B22: 8 | C22: Twice / EoT | D22: 4 | E22: 3d10+0 | F22: Magical | G22: Standard | H22: AoE | I22: Foes | J22: Cone 1 | K22: If the user has at least 3 Campaigns, attacks against the user are immune to positive outside factors to damage and accuracy for one round.
A23: The Art of War | B23: 9 | C23: Twice / E3T | D23: 4 | E23: 2d6+4 | F23: Varies | G23: Standard | H23: 1 | I23: Foe | J23: Melee | K23: The user chooses War or Peace: War: Physical. If the user has no Campaigns this attack has +dice faces equal to 1.5x the user's Campaign maximum. Peace: Magical. Until their next Standard/Full attack resolves, the target has -X/3 MP and -2X ATK/MAG where X is the number of Campaigns the user currently has.
A24: Last Stand | B24: 10 | C24: Once | D24: 4 | E24: 2d12+2 | F24: Magical | G24: Standard | H24: 1 | I24: Foe | J24: Melee | K24: For one round, when the user would take more than 55-3X damage, where X is the user's Campaign maximum, the attacker takes 3d8+2 damage and the damage of the attack is reduced by 3X.
A25: Declaration of War | B25: EX1 | C25: Passive | D25: - | E25: - | F25: - | G25: - | H25: - | I25: - | J25: - | K25: The user gains only +1.5 DEF from each Campaign. The user starts the game with 0 or 4 Campaigns (user's choice).
A26: Imperial Tyranny | B26: EX2 | C26: Passive | D26: - | E26: - | F26: - | G26: - | H26: - | I26: - | J26: - | K26: Foes in the user's Star 3 have -0.5 DEF and -0.5 ATK/MAG for every Campaign the user has. If the user has no Campaigns Foes attacking the user take 10% recoil.
A27: Katana (Celeryyyy, Taistelu, god evening)
A28: =Stats!H18 & " HP | " & Stats!I18 & " ATK | " & Stats!J18 & " MAG | " & Stats!K18 & " PDEF | " & Stats!L18 & " MDEF | " & Stats!M18 & " EVA | " & Stats!N18 & " MP " -> 65 HP | 16 ATK | 14 MAG | 2 PDEF | 1 MDEF | 0.6 EVA | 3 MP | G28: "The more health you lose, the more powerful you become."
A29: Resolute Blade | B29: 1 | C29: Passive | D29: - | E29: - | F29: - | G29: - | H29: - | I29: - | K29: The user gains/loses 1 Resolve (min. 0) per HP lost/gained, respectively. When the user misses or a target dies due to the user, regain any Resolve spent on that attack. If the user has over 100 Resolve before using an attack, it has Advantage damage dice. The user can only gain 20 Resolve via self-damage (including tiles) per round.
A30: Cursed Slice | B30: 1 | C30: Every Turn | D30: 3 | E30: 3d7+4 | F30: Physical | G30: Standard | H30: 1 | I30: Foe | J30: Melee | K30: This attack has +1 CR, and the target's next Standard/Full attack has 5% Recoil. The user may spend 10 Resolve up to 5 times to increase these values by 1 and 5, respectively.
A31: Lunge | B31: 2 | C31: Every Turn | D31: 3 | E31: 2d6+7 | F31: Physical | G31: Standard | H31: 1 | I31: Foe | J31: Range 4 | K31: The user moves as close to the target as possible (even on miss), and may lower this attack's MR by 1 for 20 Resolve up to 3 times. After damage, the user may choose to take and deal 10% more damage for one round.
A32: Blade of Woe | B32: 3 | C32: EoT | D32: 4 | E32: 3d6+2 | F32: Magical | G32: Standard | H32: 1 | I32: Foe | J32: Range 3 | K32: Before damage, both the user and target are inflicted with 5 Curse/1. The first time the user spends Resolve after taking a total of 55+ damage while Cursed, the amount of Resolve applied to the effect is 1/3 more than the amount spent.
A33: Fallen Blade | B33: 4 | C33: Passive | D33: - | E33: - | F33: - | G33: - | H33: - | I33: - | J33: - | K33: When the user is missing 25%, 50%, or 75% (rounded down) of their max HP, they gain 1 Enrage. Each Enrage can only be gained once, even if healed above the threshold. The user's attacks have +1 dice per Enrage.
A34: Kensei | B34: 4 | C34: E3T | D34: - | E34: - | F34: - | G34: Trigger | H34: - | I34: - | J34: - | K34: At the start of the user's next turn, gain Resolve equal to X% of Resolve gained since this ability was used, where X = 150 - User's Max HP (before multipliers, max 20%).
A35: Lotus Strike | B35: 5 | C35: Twice/E3T | D35: 5 | E35: 2d6+1 | F35: Physical | G35: Standard | H35: 1 | I35: Foe | J35: Melee | K35: The user spends all their Resolve. This attack has X hits, where X = Spent Resolve/30. This attack also has 5*X% recoil, which does not generate Resolve.
A36: Delirium | B36: 6 | C36: Twice/E3T | D36: - | E36: - | F36: - | G36: Swift | H36: 1 | I36: Foe | J36: Melee | K36: The user may inflict the target with the following debuffs, each costing 25 Resolve, where X is the user's current Enrage: -X ACC and CR/1, -X dice/1, -5X DEF/1. The user may spend an additional 30 Resolve to add the following effect: "If these debuffs are cleansed or cannot be inflicted, the target gains disadvantage damage dice for one round."
A37: Provoke | B37: 7 | C37: EoT | D37: 4 | E37: 2d8+5 | F37: Magical | G37: Standard | H37: 1 | I37: Foe | J37: Range 3 | K37: If the target doesn't deal at least 45 damage to the user with an attack that targets them on their next turn, the user's Resolve gain is multiplied by 1.75x for one round and the Resolve the user gained since Provoke was used is also multiplied by 1.75x.
A38: Bloodspill | B38: 8 | C38: Twice/EoT | D38: 4 | E38: 3d4+5 | F38: Physical | G38: Standard | H38: AoE | I38: Foes | J38: Cone 1 | K38: The user may spend 40 Resolve to make this attack either Burst 1 or Cone 2 or 70 Resolve to make this attack Burst 2 or Cone 3. For each target killed with this ability, do not consume a use, gain 1 Enrage, and lower the Resolve threshold for advantage by 20.
A39: Bushido | B39: 8 | C39: Once | D39: - | E39: - | F39: - | G39: Swift | H39: 2 | I39: Ally | J39: Range 3 | K39: Select up to two allies in range. For one round, the user gains extra Resolve equal to 50% of the damage these allies took from attacks that targetted them but did not target the user.
A40: Rising Sun | B40: 9 | C40: Once | D40: 4 | E40: 3d8+3 | F40: Magical | G40: Standard | H40: 1 | I40: Foe | J40: Melee | K40: The user spends up to 100 Resolve to gain X% of this attack's damage (not including overkill) as Shield/1, where X = Spent Resolve/1.5. If this is the first ability the user has used this turn, their turn does not end until they use another (non-Standard/Full) that does not move them away from the target or enable further standards. While this Shield is active, healing does not decrease the user's Resolve.
A41: Giant Slayer | B41: 10 | C41: Once | D41: 5 | E41: 1d8+10 | F41: Physical | G41: Standard | H41: 1 | I41: Foe | J41: Melee | K41: If the user has less HP than the target, they may spend up to X Resolve, where X is the difference between the user’s and target’s HP. For every 10 Resolve spent, gain +2+Y damage, where Y is current Enrage.
A42: Zanshin | B42: EX1 | C42: Passive | D42: - | E42: - | F42: - | G42: - | H42: - | I42: - | J42: - | K42: The user's Resolve cannot exceed 150. Whenever the user would exceed their max Resolve, their next attack gains +1 ACC/CR. Fallen Blade's Enrage thresholds are converted to every 1/6th of HP.
A43: Fudoshin | B43: EX2 | C43: Passive | D43: - | E43: - | F43: - | G43: - | H43: - | I43: - | J43: - | K43: Zanshin's bonuses for exceeding Resolve are doubled. Bonus Enrage dice are doubled on critical hits.
A44: Rapier (God evening,ThrohOrFalse, Datjoiboi, Kry)
A45: =Stats!H20 & " HP | " & Stats!I20 & " ATK | " & Stats!J20 & " MAG | " & Stats!K20 & " PDEF | " & Stats!L20 & " MDEF | " & Stats!M20 & " EVA | " & Stats!N20 & " MP " -> 60 HP | 14 ATK | 12 MAG | 5 PDEF | 5 MDEF | 1 EVA | 3 MP | G45: "Thwart even the most powerful attacks with flawlessly timed reactions"
A46: Allez | B46: 1 | C46: Every Turn | D46: - | E46: - | F46: - | G46: Reaction | H46: - | I46: Self | J46: - | K46: This may be used on an attack involving the user, once between the starts of the user's turns. Remove 1 dice and store a Focus with a value of half of the removed dice faces.
A47: Point-in-Line | B47: 1 | C47: Every Turn | D47: 3 | E47: 2d8+4 | F47: Physical | G47: Standard | H47: AoE | I47: Foes | J47: Pierce 3 | K47: Targets are inflicted with -2 dice faces/1. If this debuff is not active on use, the user gains +2 dice faces/1. The user may spend a Focus to increase one effect by half of its value.
A48: Thrust | B48: 2 | C48: EoT | D48: 3 | E48: 2d10+2 | F48: Physical | G48: Standard | H48: 1 | I48: Foe | J48: Range 5 | K48: The user moves to a tile in the target's Melee. If this attack has damage removed by outside factors, inflict 2 Bleed/1. The user may spend a Focus to increase the Bleed damage by its value or extend the duration by 1 round.
A49: Deflect | B49: 3 | C49: EoT | D49: 2 | E49: 1d6+3 | F49: - | G49: Reaction | H49: 1 | I49: Foe | J49: Global | K49: This may be used on a Foe attacking the user. The attack loses 10% of its damage and the user stores this value as a Focus. If the attack moves the user, this attack has Pull 2 after the attack resolves. This attack ignores non-Rapier outside factors.
A50: Counter | B50: 4 | C50: E3T | D50: 4 | E50: 1d12+6 | F50: Physical | G50: Standard or Reaction | H50: 1 | I50: Foe | J50: Range 2 | K50: This may be used on a Foe dealing 40+ damage to the user, ignoring ATK/MAG/DEF and non-Rapier outside factors. The user's active Rapier effects are extended by 1 round and their next spent Focus increased 1.5x.
A51: En Garde | B51: 5 | C51: Thrice / EoT | D51: - | E51: - | F51: - | G51: Free | H51: 2 | I51: Self and Allies | J51: Range 3 | K51: The user may spend up to two Focus. For each Focus, a chosen target may gain either HP or +DEF/1 equal to it's value. The user may move 2 tiles after their next reaction.
A52: Feint | B52: 6 | C52: E3T | D52: 4 | E52: 3d8+6 | F52: Physical | G52: Standard | H52: AoE | I52: Foes | J52: Beam 2 | K52: For one round, targets take half of the damage that other targets take from the user's out-of-turn damage. The user may spend a Focus to give a chosen target Focus*2% recoil on attacks for one round.
A53: Parry | B53: 7 | C53: Once | D53: - | E53: - | F53: - | G53: Reaction | H53: - | I53: Self | J53: - | K53: This may be used on an attack involving the user, if the user has not used a Rapier reaction since the acting player's last turn ended. The attack loses all damage and dice buffs. Store a Focus with a removed buff's value.
A54: Patinando | B54: 8 | C54: Twice | D54: 3 | E54: 4d6+0 | F54: Physical | G54: Standard | H54: 2 | I54: Foes | J54: Melee (Push 1) | K54: For each damage dice that rolls 4+, this attack gains 1 Push. For each damage dice that rolls <4, inflict (stacking) 3 Cripple/1. After damage the user may spend Focus to replace damage dice with its value.
A55: Moulinet | B55: 9 | C55: Twice / E3T | D55: 4 | E55: 4d4+6 | F55: Physical | G55: Standard | H55: 1 | I55: Foe | J55: Line 4 | K55: The target gains +4 DMG/1 or +4 DEF/1. The user may spend a Focus to heal 3 HP each time the target uses an ability during their next turn. If the user does not spend Focus, the next time they spend Focus they gain a Focus of half it's value.
A56: Redoublement | B56: 10 | C56: Once | D56: 5 | E56: 2d4-1 (Double Hit) | F56: Physical | G56: Standard | H56: 1 | I56: Foe | J56: Melee | K56: The user may spend any number of Focus to give this attack +1 hit for each one spent. Each hit gained by Focus has +CR equal to the value of that Focus.
A57: One for All | B57: EX1 | C57: Once | D57: 5 | E57: 2d12+6 | F57: Physical | G57: Standard | H57: 1 | I57: Foe | J57: Line 4 (Splash 2) | K57: This attack ignores 1/4 DEF. The user may make the splash Star 2 to ignore 1/2 DEF, or Line 2 to ignore 3/4 DEF. For each target, the user gains a Focus equal to the DEF this attack ignores on them.
A58: All for One | B58: EX2 | C58: Every Turn | D58: - | E58: - | F58: - | G58: Reaction | H58: - | I58: Self | J58: - | K58: This may be used when the user spends Focus. If the reacted ability targets a player the user has already spent Focus targeting, gain a Focus of half the spent value.

Sheet Sorcerer
A1: Name | B1: Lv. | C1: Frequency | D1: MR | E1: Damage | H1: Target | K1: Effect
E2: Roll | F2: Type | G2: Action | H2: Amount | I2: Group | J2: Range
A3: Basic Abilities
A4: =Classes!A4 -> Basic Attack | B4: =Classes!B4 -> B | C4: =Classes!C4 -> Every Turn | D4: =Classes!D4 -> 2 | E4: =Classes!E4 -> 1d10+2 | F4: =Classes!F4 -> Physical or Magical | G4: =Classes!G4 -> Standard | H4: =Classes!H4 -> 1 | ... K4: =Classes!K4 -> This attack is either Physical or Magical. Add ATK/MAG to the damage roll and subtract the target's PD/MD. This move's use cannot be prevented by any means, including Seal.
A5: =Classes!A5 -> Basic Movement | B5: =Classes!B5 -> B | C5: =Classes!C5 -> Every Turn | D5: =Classes!D5 -> - | E5: =Classes!E5 -> - | F5: =Classes!F5 -> - | G5: =Classes!G5 -> Movement | H5: =Classes!H5 -> - | ... K5: =Classes!K5 -> The user spends MP to move an equal amount of tiles. (For all purposes, Basic Movement is not an ability, but is still an action.)
A6: =Classes!A6 -> Dash | B6: =Classes!B6 -> B | C6: =Classes!C6 -> Every Turn | D6: =Classes!D6 -> - | E6: =Classes!E6 -> - | F6: =Classes!F6 -> - | G6: =Classes!G6 -> Full | H6: =Classes!H6 -> - | ... K6: =Classes!K6 -> The user spends MP to move up to x1.5 that amount of tiles (rounded down).
A7: =Classes!A7 -> Backstep | B7: =Classes!B7 -> B | C7: =Classes!C7 -> Passive | D7: =Classes!D7 -> - | E7: =Classes!E7 -> - | F7: =Classes!F7 -> - | G7: =Classes!G7 -> - | H7: =Classes!H7 -> - | ... K7: =Classes!K7 -> During the user's Movement/Full action, the user has unremovable -2 MP for the rest of the turn after leaving a foe's Melee.
A8: =Classes!A8 -> Attack of Opportunity | B8: =Classes!B8 -> B | C8: =Classes!C8 -> Every Turn | D8: =Classes!D8 -> 2 | E8: =Classes!E8 -> 1d10+2 | F8: =Classes!F8 -> Physical or Magical | G8: =Classes!G8 -> Reaction | H8: =Classes!H8 -> 1 | ... K8: =Classes!K8 -> This may be used on a foe in the user's Melee that either: 1. uses a ranged attack that doesn't target the user (after damage is rolled) or 2. leaves the user's Melee using Dash. (AoO still adds ATK/MAG and DEF.)
A9: Sorcerer Abilities
A11: Shillelagh (Taistelu)
A12: =Stats!O16 & " HP | " & Stats!P16 & " ATK | " & Stats!Q16 & " MAG | " & Stats!R16 & " PDEF | " & Stats!S16 & " MDEF | " & Stats!T16 & " EVA | " & Stats!U16 & " MP" -> 65 HP | 17 ATK | 17 MAG | 3 PDEF | 3 MDEF | 0.5 EVA | 1 MP | G12: "A versatile weapon that manipulates the terrain to harm foes and aid allies."
A13: Terraform | B13: 1 | C13: EoT | D13: - | E13: - | F13: - | G13: Trigger | H13: - | I13: - | J13: - | K13: Place up to three Forest or up to three Water tiles in Cone 1 or cardinal Line 3.
A14: Rototill | B14: 1 | C14: Every Turn | D14: 3 | E14: 2d6+6 | F14: Physical or Magical | G14: Standard | H14: 1 | I14: Foe | J14: Range 4 (Pull 3) | K14: This attack is either Physical or Magical. If the target is on a non-Normal tile, this attack loses Pull 3 but gains +1 ACC and +1 dice.
A15: Bioturbation | B15: 2 | C15: Every Turn | D15: 3 | E15: 3d6+5 | F15: Magical | G15: Standard | H15: 1 | I15: Foe | J15: Range 6 | K15: If there is a non-Normal tile in the user's Burst 1, they may move to a tile of the same type within Range 8. The user may pass through players but cannot end this movement farther away from the target than they started. Players passed through have -7 DEF and -1 EVA for one round.
A16: Blackthorn | B16: 3 | C16: E3T | D16: 4 | E16: 3d4+5 | F16: Physical or Magical | G16: Standard | H16: 1 | I16: Foe | J16: Range 4 (Splash 1) | K16: This attack is either Physical or Magical. Before damage, targets have inverted positive tile effects for one round. Gain +4 dice on secondary targets.
A17: Bloom | B17: 4 | C17: E3T | D17: - | E17: - | F17: - | G17: Free | H17: - | I17: Tile | J17: Star 3 | K17: For one round, Normal tiles in range grant +1 ACC to the user and allies. For this duration, they also grant +4 MAG to these entities if the user's last Standard was Physical, or +4 ATK if the user's last Standard was Magical.
A18: Cryosphere | B18: 4 | C18: Twice/EoT | D18: - | E18: - | F18: - | G18: Swift | H18: - | I18: Tile | J18: Pierce 5 or Burst 1 | K18: Replace up to three unoccupied Water/Stop/Stone tiles in Pierce 5 or Burst 1 (ignoring Range Rule) with Ice for two rounds. Foes ending their turn in melee of this Ice take 15 damage (replaced Stops cannot be entirely surrounded by other Stops).
A19: Hydrolysis | B19: 5 | C19: Twice/EoT | D19: 4 | E19: 5d4+4 | F19: Physical | G19: Standard | H19: AoE | I19: Foes | J19: Pierce 5 | K19: This attack gain +2 dice face per foe on Water or Lava.
A20: Wildfire | B20: 6 | C20: Twice/EoT | D20: 4 | E20: 3d10+0 | F20: Magical | G20: Standard | H20: 1 | I20: Foe | J20: Range 4 | K20: If the target's tile is Forest, set "Wildfire" on that tile, all Forest tiles cardinally adjacent to that tile, and so on. Wildfire: Lasts two rounds. Players who start their turn on Wildfire take 3d4 DMG and have -7 damage on their next Standard/Full attack.
A21: Nature's Madness | B21: 7 | C21: Twice/EoT | D21: 4 | E21: 3d8+4 | F21: Physical | G21: Standard | H21: 1 | I21: Foe | J21: Range 3 | K21: This move is immune to air tiles, and is augmented depending on the number of certain tile types (X) in the user's Burst 1. After damage, convert utilised tiles to Normal. Air/Sticky/Boost: +X Range and Damage (max. 3). If X>1, +1 target. Forest/Water/Lava/Ice: Choose one tile type, and inflict X Bleed (Forest), Poison (Water), Burn (Lava), or Curse (Ice) / 1. If X>3, extend the status duration by one round.
A22: Windstorm | B22: 8 | C22: EoT | D22: 3 | E22: 2d8+6 | F22: Magical | G22: Standard | H22: AoE | I22: Foes | J22: Cone 2 (Push 2) | K22: Targets are pushed in the direction of the cone. Within range, the user may place either: 4 Air, 4 Sticky, or 1 Boost tile(s). If the user or allies have already placed Windstorm tiles, they are converted to Normal. This may be used as a non-damaging Standard targeting only tiles in range.
A23: Flower Crown | B23: 9 | C23: Twice/EoT | D23: - | E23: - | F23: - | G23: Swift or Standard | H23: AoE | I23: Self and Allies | J23: Global | K23: Targets on Forest tiles gain +10% DMG/1, while targets on Water tiles heal 5d4 HP. The user may use this as a Standard to double these values to 20% and 10d4 respectively. This cannot targets players not on either.
A24: Scorched Earth | B24: 10 | C24: Once | D24: 4 | E24: 1d8+0 | F24: Physical | G24: Standard | H24: 1 | I24: Foe | J24: Range 3 (Push 1) | K24: Before push, tiles in the target's Star 1 become Lava. This lava counts as damage from the user. Entities cannot take damage for entering more than once per turn.
A25: All-Terrain Master | B25: EX1 | C25: Passive | D25: - | E25: - | F25: - | G25: - | H25: - | I25: - | J25: - | K25: Terraform becomes Every Turn, and may, up to Twice, place Normal, Sticky or Air instead of Water or Forest. The player gains a bonus for one round based on the tile they end their turn on: Normal: +1 ACC. Forest: +10% DMG. Water: 5d4 heal. Air: attacks ignore Air and gain +1 Range. Boost: +6 CR. Sticky: +2 EVA and -1 range on incoming attacks. Lava: +1 Standard that does not check ATK/MAG/DEF.
A26: The Serenity of Nature | B26: EX2 | C26: Once | D26: - | E26: - | F26: - | G26: Swift | H26: 1 | I26: Tile | J26: Melee | K26: If the user has attacked or been attacked, sacrifice 50-100 HP and max HP to summon a "Nature Spirit" in the user's Melee which acts after the user's turns. Players do not win until the user and Nature Spirit are both defeated. This ability is disabled after use. Nature Spirit: Stats: 125% of Sacrificed HP | 17 ATK/MAG | 5 DEF | 1 EVA | 4 MP. Moves: Basic Abilities, Terraform (1 tile max), Rototill, Bioturbation, Wildfire, Bloom, Flower Crown.
A27: Spellbook (Methridium, beautifications)
A28: =Stats!O18 & " HP | " & Stats!P18 & " ATK | " & Stats!Q18 & " MAG | " & Stats!R18 & " PDEF | " & Stats!S18 & " MDEF | " & Stats!T18 & " EVA | " & Stats!U18 & " MP" -> 55 HP | 0 ATK | 15 MAG | 4 PDEF | 6 MDEF | 1.2 EVA | 2 MP | G28: "A jack-of-all-trades that spends Mana to use and combine its abilities."
A29: Attuned | B29: 1 | C29: Passive | D29: - | E29: - | F29: - | G29: - | H29: - | I29: - | J29: - | K29: The user starts with 5 Mana, and gains 5 at the start of each turn per Spellbook attack used on their previous turn, to a capacity of 10. They also gain 2 per non-Spellbook Standard/Full attack they used last turn. Attacks with a Mana cost only use Mana on hit.
A30: Fireball | B30: 1 | C30: Every Turn | D30: 3 | E30: 2d6+0 | F30: Magical | G30: Standard | H30: 1 | I30: Foe | J30: Line 5 | K30: Costs 2 Mana. The user may spend more Mana to add +1 base dice per extra Mana spent. If any of this move's damage dice roll a 1, inflict targets with 3 Burn/1.
A31: Hex | B31: 2 | C31: EoT | D31: 2 | E31: 1d6-2 | F31: Magical | G31: Standard | H31: 1 | I31: Foe | J31: Range 3 | K31: Costs 3 Mana. The next Standard/Full attack on each target gains +2 ACC and +2 dice.
A32: Plague | B32: 3 | C32: E3T | D32: 4 | E32: 3d6+1 | F32: Magical | G32: Standard | H32: 1 | I32: Foe | J32: Range 4 (Splash 1) | K32: Costs 3 Mana. After the move resolves, the user chooses Bleed, Burn, Curse or Poison. Targets are inflicted with 3 [Chosen Status]/1, or /2 at a cost of 1 additional Mana.
A33: Spellweave | B33: 4 | C33: Every Turn | D33: - | E33: - | F33: - | G33: Trigger | H33: - | I33: Self | J33: - | K33: The user chooses any number of distinct usable Spellbook moves to "Spellweave", consuming a use of each move. Their next Spellbook attack this turn adds the base rolls and all secondary effects (including Mana costs) of the Spellwoven moves to its own.
A34: Sandstorm | B34: 5 | C34: EoT | D34: 3 | E34: 1d6+0 | F34: Magical | G34: Standard | H34: AoE | I34: Foes | J34: Beam 3 (Push 2) | K34: Costs 3 Mana. Targets deal -25% damage on their next Standard/Full attack. Targets are pushed in the direction of the Beam, if applicable.
A35: Faith | B35: 6 | C35: EoT | D35: - | E35: 2d6+2 | F35: - | G35: Free | H35: 1 | I35: Self or Ally | J35: Range 4 | K35: Costs 2 Mana. Instead of dealing damage, targets are healed equal to the roll. If Spellwoven, the move gaining this effect remains an attack, but has its targeting group become Ally/Allies, and can only target players attacked by a foe within the last round.
A36: Scourge | B36: 7 | C36: E3T | D36: 4 | E36: 4d6+3 | F36: Magical | G36: Standard | H36: 1 | I36: Foe | J36: Homing 6 | K36: Costs 4 Mana. The user chooses one of each target's non-Basic, non-Level 1, non-EX moves. For one round, targets cannot use any of the selected moves.
A37: Tornado | B37: 8 | C37: EoT | D37: - | E37: - | F37: - | G37: Movement or Standard | H37: 1 | I37: Ally | J37: Global | K37: Costs 1 Mana. The user moves up to half their MP (rounded down) and swaps locations with a chosen target via teleport, in either order. After, the user cannot move this turn.
A38: Fog | B38: 9 | C38: Twice/E3T | D38: 3 | E38: 1d6+1 | F38: Magical | G38: Standard | H38: 2 | I38: Foes | J38: Homing 6 | K38: Costs 3 Mana. For one round, targets cannot target anything from a greater distance than this move was used at. Only add half MAG against targets outside of Range 2.
A39: Maelstrom | B39: 10 | C39: Once | D39: 4 | E39: 2d6+13 | F39: Magical | G39: Standard | H39: 1 | I39: Foe | J39: Homing 4 | K39: Costs 6 Mana. Before accuracy, the user chooses two of the following effects for this move to gain: +5 damage, +2 accuracy, +5 DEF/1 on hit, or +3 MP/2 on hit.
A40: Ichorous | B40: EX1 | C40: Passive | D40: - | E40: - | F40: - | G40: - | H40: - | I40: - | J40: - | K40: The user starts with 10 Mana instead of 5, and gains 1 when hit by any attack. The user can hold infinite Mana at once. At the start of their turn (after Attuned), the user takes damage equal to 3 times the amount of Mana they have above their capacity of 10.
A41: Catalysis | B41: EX2 | C41: Passive | D41: - | E41: - | F41: - | G41: - | H41: - | I41: - | J41: - | K41: When the user uses a Spellbook move, including through Spellweave, it may be used regardless of Frequency for the rest of the turn. When an ability is Spellwoven, the user may spend 2 Mana (before accuracy) to add targets to the recipient ability from within the Spellwoven ability's targeting amount and range, once per Spellwoven move.
A42: Talisman (Ocean, bro torterra)
A43: =Stats!O20 & " HP | " & Stats!P20 & " ATK | " & Stats!Q20 & " MAG | " & Stats!R20 & " PDEF | " & Stats!S20 & " MDEF | " & Stats!T20 & " EVA | " & Stats!U20 & " MP" -> 60 HP | 4 ATK | 9 MAG | 3 PDEF | 7 MDEF | 1.3 EVA | 2 MP | G43: "A support weapon with a wide arsenal of buffs that require strategic application.”
A44: Conduit | B44: 1 | C44: Passive | D44: - | E44: - | F44: - | G44: - | H44: - | I44: - | J44: - | K44: The user's buffs and debuffs originating from their Talisman abilities are permanent but only take effect when "channeled" by certain effects. Buffs that would be removed are un-channeled instead. Dice are channeled when DMG is channeled.
A45: Resonate | B45: 1 | C45: Once | D45: - | E45: - | F45: - | G45: Free | H45: 1 | I45: Self | J45: - | K45: This move restores a Use after the player uses a Standard/Full Talisman ability. The user gains a buff equal to: +3 DMG, +3 PDEF, +3 MDEF, or +1 ACC.
A46: Smite | B46: 1 | C46: Every Turn | D46: 3 | E46: 2d8+4 | F46: Magical | G46: Standard or Swift | H46: 1 | I46: Foe | J46: Homing 5 | K46: Before accuracy, the user chooses a buff to channel for one round. This may be used as a non-damaging Swift targeting the user.
A47: Divine Merit | B47: 2 | C47: Twice/EoT | D47: - | E47: - | F47: - | G47: Standard | H47: - | I47: Self or Ally | J47: Homing 4 | K47: The target gains +2d4+1 damage to their next attack. If this targets the user, channel DMG next turn. This cannot be used on a target who already has this buff.
A48: Serpent's Gate | B48: 3 | C48: EoT | D48: 4 | E48: 2d10-2 (Double Hit) | F48: Magical | G48: Standard | H48: 2 | I48: Foes | J48: Range 2 | K48: Before accuracy, the user channels ACC and CR until the start of their next turn. For each accuracy roll of 11+, the user gains +1 damage dice. Else, gain -1 damage dice.
A49: Compass | B49: 4 | C49: E3T | D49: 3 | E49: 3d4+6 | F49: Magical | G49: Standard | H49: 1 | I49: Foe | J49: Line 3 | K49: The user gains +2 ACC. If they miss while this buff is channeled, the user gains +3 CR.
A50: Sanctuary | B50: 5 | C50: Once | D50: - | E50: - | F50: - | G50: Swift | H50: - | I50: Self | J50: - | K50: The user's next channeling is extended by one round.
A51: Absolution | B51: 6 | C51: Twice/E3T | D51: 4 | E51: 4d6+4 | F51: Magical | G51: Standard | H51: AoE | I51: Foes | J51: Beam 2 | K51: The user chooses a target. The chosen target's debuffs are inflicted to all other targets for one round. Allies in range are cleansed of debuffs.
A52: Seal of Solomon | B52: 7 | C52: Twice/EoT | D52: 4 | E52: 3d8+3 | F52: Magical | G52: Standard | H52: 1 | I52: Foe | J52: Range 4 | K52: The user chooses a buff (e.g. PDEF) channeled on this attack to invert and apply to the target as a debuff for one round. The target is inflicted with Confusion/1.
A53: Providence | B53: 8 | C53: Twice/E3T | D53: 4 | E53: 2d8+7 | F53: Magical | G53: Standard | H53: AoE | I53: Foes | J53: Star 3 | K53: The user chooses either PDEF or MDEF to channel and apply to allies in range for one round. This may be used as a non-damaging Standard action.
A54: Transcendence | B54: 9 | C54: Twice | D54: 4 | E54: 5d4+8 | F54: Magical | G54: Standard | H54: 1 | I54: Foe | J54: Homing 4 | K54: Before accuracy, convert +ACC to +CR and vice versa as well as +DMG to either +PDEF or +MDEF and vice versa. Converted buffs are channeled for one round.
A55: Echo of Light | B55: 10 | C55: Once | D55: 4 | E55: 2d10+7 | F55: Magical | G55: Standard | H55: AoE | I55: Foes | J55: Pierce 3 | K55: Buffs the user channels next turn are doubled for the duration of the channel.
A56: Heaven's Will | B56: EX1 | C56: Passive | D56: - | E56: - | F56: - | G56: - | H56: - | I56: - | J56: - | K56: Resonate becomes a Trigger action that can be used up to twice per turn. If one of the user's buffs is removed by a foe, the effect is applied as a debuff to all foes in Star 2 for one round.
A57: Judgment | B57: EX2 | C57: Once | D57: 3 | E57: 3d10+6 | F57: Magical | G57: Standard | H57: 1 | I57: Foe | J57: Homing 5 | K57: The target is inflicted with Evil Eye permanently. Evil Eye: Debuffs inflicted on the affected player last for an additional round. At the start of their turn, they take d4+2 damage for every debuff they are under. The Talisman heals HP equal to the damage dealt.

Sheet Trophy
A1: Name | B1: Lv. | C1: Frequency | D1: MR | E1: Damage | H1: Target | K1: Effect
E2: Roll | F2: Type | G2: Action | H2: Amount | I2: Group | J2: Range
A3: Basic Abilities
A4: =Classes!A4 -> Basic Attack | B4: =Classes!B4 -> B | C4: =Classes!C4 -> Every Turn | D4: =Classes!D4 -> 2 | E4: =Classes!E4 -> 1d10+2 | F4: =Classes!F4 -> Physical or Magical | G4: =Classes!G4 -> Standard | H4: =Classes!H4 -> 1 | ... K4: =Classes!K4 -> This attack is either Physical or Magical. Add ATK/MAG to the damage roll and subtract the target's PD/MD. This move's use cannot be prevented by any means, including Seal.
A5: =Classes!A5 -> Basic Movement | B5: =Classes!B5 -> B | C5: =Classes!C5 -> Every Turn | D5: =Classes!D5 -> - | E5: =Classes!E5 -> - | F5: =Classes!F5 -> - | G5: =Classes!G5 -> Movement | H5: =Classes!H5 -> - | ... K5: =Classes!K5 -> The user spends MP to move an equal amount of tiles. (For all purposes, Basic Movement is not an ability, but is still an action.)
A6: =Classes!A6 -> Dash | B6: =Classes!B6 -> B | C6: =Classes!C6 -> Every Turn | D6: =Classes!D6 -> - | E6: =Classes!E6 -> - | F6: =Classes!F6 -> - | G6: =Classes!G6 -> Full | H6: =Classes!H6 -> - | ... K6: =Classes!K6 -> The user spends MP to move up to x1.5 that amount of tiles (rounded down).
A7: =Classes!A7 -> Backstep | B7: =Classes!B7 -> B | C7: =Classes!C7 -> Passive | D7: =Classes!D7 -> - | E7: =Classes!E7 -> - | F7: =Classes!F7 -> - | G7: =Classes!G7 -> - | H7: =Classes!H7 -> - | ... K7: =Classes!K7 -> During the user's Movement/Full action, the user has unremovable -2 MP for the rest of the turn after leaving a foe's Melee.
A8: =Classes!A8 -> Attack of Opportunity | B8: =Classes!B8 -> B | C8: =Classes!C8 -> Every Turn | D8: =Classes!D8 -> 2 | E8: =Classes!E8 -> 1d10+2 | F8: =Classes!F8 -> Physical or Magical | G8: =Classes!G8 -> Reaction | H8: =Classes!H8 -> 1 | ... K8: =Classes!K8 -> This may be used on a foe in the user's Melee that either: 1. uses a ranged attack that doesn't target the user (after damage is rolled) or 2. leaves the user's Melee using Dash. (AoO still adds ATK/MAG and DEF.)
A9: Trophy Abilities
A10: The Trophy Branch is a rotating branch. Weapons are added through the Trophy Contests! Latest Update: July 2026 (Trophy 2)
A12: Cutlass (SilverPath)
A13: 65 HP | 12 ATK | 5 MAG | 6 PD | 4 MD | 0.6 EVA | 2 MP | G13: "Best foes, even when you're down, with disruptive utility!"
A14: Scoundrel | B14: 1 | C14: Passive | D14: - | E14: - | F14: - | G14: - | H14: - | I14: - | J14: - | K14: When the user rolls 13 or below on their damage roll of a Cutlass attack (excluding base modifier and ATK/MAG/DEF), the user gains 1 Coin. Any number of Coins can be spent when the user uses a Cutlass move that's effect contains "chooses", the user then chooses an additional option.
A15: Dirty Trick | B15: 1 | C15: Every Turn | D15: 3 | E15: 3d8+3 | F15: Physical | G15: Standard | H15: 1 | I15: Foe | J15: Melee | K15: The user chooses Push/Pull, Splash, Buff, or Status. For one round, the target's Standard attacks do not have the chosen attribute or apply the chosen effect (other parts of its effect still apply if possible).
A16: Fancy Footwork | B16: 2 | C16: EoT | D16: 3 | E16: 4d6+2 | F16: Physical | G16: Standard | H16: 1 | I16: Foe | J16: Range 4 | K16: The user chooses Trip or Slip. Trip: For one round, the target must move at least 2 tiles per direction they willingly move. Slip: The user teleports to a tile in an entity's Melee within Range 4.
A17: Scallywag Slice | B17: 3 | C17: E3T | D17: 3 | E17: 3d8+0 | F17: Physical | G17: Standard | H17: 1 | I17: Foe | J17: Melee | K17: The user chooses Outwit or Befuddle. Outwit: This attack gains +1 CR, and the target's Crit Range becomes 1 for the first hit of their next Standard attack. Befuddle: Before accuracy, the target ignores positive effects of tiles for one round.
A18: Blinding Sheen | B18: 4 | C18: Twice/E3T | D18: 2 | E18: 3d8-8 | F18: Physical | G18: Swift | H18: 1 | I18: Foe | J18: Range 4 | K18: The user may spend a Coin to inflict -DEF equal to this attack's damage until the end of this turn. This move ignores outside factors, ATK/MAG, and DEF.
A19: Swindler | B19: 5 | C19: Passive | D19: - | E19: - | F19: - | G19: - | H19: - | I19: - | J19: - | K19: When the user spends a Coin on an attack, roll 1d2. 1: The user gains -1 dice to the attack and +DMG equal to half the size of the dice removed. 2: The attack treats base rolls of 13 or lower (excluding base modifier) as 16.
A20: Boot Pin | B20: 6 | C20: Twice/EoT | D20: 3 | E20: 4d6-2 | F20: Physical | G20: Standard | H20: 1 | I20: Foe | J20: Range 3 | K20: The user chooses to inflict 6 Poison/2 or 6 Cripple/2 on the target. The user gains +3 DMG/1 at the start of their turns for every 6 damage the target takes from the statuses inflicted by this move. The target can remove a status from this move as a Swift.
A21: Shady Bet | B21: 7 | C21: Once | D21: 4 | E21: 4d6-2 | F21: Physical | G21: Standard | H21: 1 | I21: Foe | J21: Melee | K21: If this attack causes the user to gain a Coin, the user gains a Trick Coin instead, which functions like a Coin and has the user choose the effect of Swindler. The user can spend a Coin to gain a Trick Coin from this attack, ignoring Scoundrel.
A22: Buy Time | B22: 8 | C22: Twice | D22: - | E22: - | F22: - | G22: Free | H22: - | I22: Self | J22: - | K22: The user spends a Coin to extend the next Cutlass attack's effect by +1 round.
A23: High Ground | B23: 9 | C23: EoT | D23: 4 | E23: 4d8+0 | F23: Physical | G23: Standard | H23: 1 | I23: Foe | J23: Melee | K23: The user chooses Pistol or Taunt. Pistol: This attack is AoE/Foes/Pierce 5, and targets' Item moves become Movement actions for one round. Taunt: For one round, targets' AoE attacks become Pierce and must target the user.
A24: Swashbuckler | B24: 10 | C24: Once | D24: 4 | E24: 3d10-4 | F24: Physical | G24: Standard | H24: 1 | I24: Foe | J24: Melee | K24: The user chooses Cruel, Sly, or Daring. Cruel: This attack gains +1 dice. Sly: Before accuracy, the target's duration-based buffs and inflicted debuffs end. Daring: The user gains 10 Shield/1.
A25: Deathly Crew | B25: EX1 | C25: Passive | D25: - | E25: - | F25: - | G25: - | H25: - | I25: - | J25: - | K25: If the user spends a Coin on an attack that kills a foe, the user gains 1 Trick Coin. Until they spend the Trick Coin gained from this effect, they have +4 DEF and +1 CR. The user cannot gain another Trick Coin from this effect if they have one already.
A26: Captain's Order | B26: EX2 | C26: E3T | D26: 4 | E26: 4d6+2 | F26: Physical | G26: Standard | H26: 1 | I26: Foe | J26: Melee | K26: The target chooses Plank or Marooning. If Plank is chosen, the target is pushed 2 tiles and they take 4 damage for each of the user's ongoing Cutlass effects they have. If Marooning is chosen, the target's next Standard attack has 25% recoil.
A27: Fangs (HSquid)
A28: 60 HP | 13 ATK | 10 MAG | 5 PD | 3 MD | 0.5 EVA | 1 MP | G28: "How deep are you ready to give into the thirst?"
A29: Bloodthirst | B29: 1 | C29: Passive | D29: - | E29: - | F29: - | G29: - | H29: - | I29: - | J29: - | K29: The user can have up to 10 Blood. At the end of their turn, they gain 2 Blood, and gain 1 whenever they are hit by an attack. When they reach 10 Blood, the next attack on them automatically hits, causes the user to lose all Blood, and if it would already hit, it also deals double damage. The user's Thirst N effects are active as long as the user has N or more Blood when they select the move (those effects are mandatory).
A30: Twin Fangs | B30: 1 | C30: Every Turn | D30: 3 | E30: 2d6+4 | F30: Physical | G30: Standard | H30: 1 | I30: Foe | J30: Melee | K30: Every time this move hits, the user loses 2 Blood. Thirst 5 : This move gains 3 MR and becomes Double Hit.
A31: Otherworldly Attraction | B31: 2 | C31: EoT | D31: 4 | E31: 3d6+7 | F31: Magical | G31: Standard | H31: 2 | I31: Foe | J31: Range 4 | K31: Roll accuracy separately for each target. Statuses inflicted by this move are ignored when moving towards the user. This move inflicts Slow/1. Thirst 4 : Also inflict Cripple 4/1.
A32: The Urge | B32: 3 | C32: Passive | D32: - | E32: - | F32: - | G32: - | H32: - | I32: - | J32: - | K32: The user gets all the following : Thirst 3: The user gets +1 MP. (Active as long as the user has 3 or more Blood). Thirst 4: The user cannot be Slowed, Rooted, Sealed or Stunned, and takes half damage from Confusion and Cripple. Thirst 6: The user's attacks have +1 base dice.
A33: Draw Blood | B33: 4 | C33: Twice/E3T | D33: - | E33: 1d6 | F33: Physical | G33: Swift | H33: 1 | I33: Self | J33: - | K33: This move does not add ATK / DEF and automatically hits (it still rolls accuracy). The user gets +1 MP this turn. If this move deals 5 or more damage, the user gains 1 additional Blood and their next attack this turn also gains +1 base dice.
A34: Uninvited Guest | B34: 5 | C34: Twice | D34: 3 | E34: 3d10+0 | F34: Physical | G34: Standard | H34: 1 | I34: Foe | J34: Melee | K34: If this user's first attack on the target, gain 2 Blood. If one of the user or the target has attacked the other during their previous turn but not the other way around, this move gains +8 CR.
A35: Blood Wave | B35: 6 | C35: Twice/EoT | D35: 4 | E35: 3d6+5 | F35: Physical | G35: Standard | H35: AoE | I35: Foes | J35: Pierce 5 | K35: If the user was attacked multiple times during their previous turn, they may gain 1 Blood when using this move, before Thirst effects. Thirst 3: Also inflict each target with -X DEF/2, where X is the user's Blood. Thirst 5: The user may have this move become AoE / Foes / Beam 5.
A36: Indulge | B36: 7 | C36: Once | D36: 4 | E36: 1d4+2 | F36: Magical | G36: Standard | H36: 1 | I36: Foe | J36: Melee | K36: This move ignores the target's DEF. Thirst 7: If this move hits, lose half your current Blood (rounded up), and heal equal to 30% of the damage dealt, then the user cannot gain Blood until the start of their next turn. Thirst 10: This move has no effects instead.
A37: Blood Whirl | B37: 8 | C37: Twice/E3T | D37: 5 | E37: 2d10+7 | F37: Physical | G37: Standard | H37: AoE | I37: Foes | J37: Burst 1 | K37: Roll accuracy separately for each target. Lose X Blood, where X is the number of targets hit. Thirst 4: This move becomes Star 2. Thirst 7: Before accuracy, teleport up to 2 tiles.
A38: Night Visitor | B38: 9 | C38: Once | D38: 4 | E38: 4d10+5 | F38: Physical | G38: Full | H38: 1 | I38: Foe | J38: Global | K38: This move can only be used on a foe that the user has damaged this game that is not in melee range. Before accuracy, teleport to any tile within melee range of its target. Thirst 5: This move attacks to foes in Star 1 of the user (after the teleport) and inflicts Slow/1 on all targets hit. Thirst 9: This move can be used even in melee and hits foes in Star 2 instead of Star 1 and if this move hits, lose 1 Blood +1 per target hit.
A39: Sky Turns Red | B39: 10 | C39: Once | D39: - | E39: - | F39: - | G39: Swift | H39: - | I39: - | J39: - | K39: The user's next 2 Fangs attacks on foes cannot cause the user to lose Blood and gain "Thirst X: This move ignores X DEF, and heals equal to 5 * X% of the damage dealt to one target." (X is equal to the user's Blood). This effect ends if the user reaches 10 Blood, if they use Indulge (before accuracy), or if they use a Free action to end it early.
A40: Nocturnal Predator | B40: EX1 | C40: Passive | D40: - | E40: - | F40: - | G40: - | H40: - | I40: - | J40: - | K40: The user does not get an extra Standard nor take their action normally during their turn, but instead takes an extra turn after every foe's turn. Effects with a turn duration and frequencies count down only when the user would normally take their turn. During those extra turns, the user's MP is halved.
A41: Sanguine Explosion | B41: EX2 | C41: Once | D41: 5 | E41: 3d4+2 | F41: Magical | G41: Reaction | H41: AoE | I41: Foes | J41: Star 4 (Push 2) | K41: This move can be used when the user reaches 10 Blood. It inflicts Slow/1 on all targets hit. It can also be used without consuming a use whenever a foe dies, in which case the move originates from the foe and becomes Burst 2 instead and loses Push.
A42: Scissors (Mulligante)
A43: 70 HP | 7 ATK | 15 MAG | 4 PD | 5 MD | 0.9 EVA | 2 MP | G43: A jack of all trades that combines offense, defense and disruption through scaling AoE and displacement.
A44: Ramping Magic | B44: 1 | C44: Passive | D44: - | E44: - | F44: - | G44: - | H44: - | I44: - | J44: - | K44: When the user targets 2+ foes with a Scissors attack, all of the user's Weapon attack and effects have their AoE range increased by +1 and Push/Pull effects increased by +1. This Passive only triggers once between the start of the user's turns.
A45: Lasting Cuts | B45: 1 | C45: Every Turn | D45: 2 | E45: 4d6+2 | F45: Magical | G45: Standard | H45: AoE | I45: Foes | J45: Cone 1 | K45: Targets are inflicted with 3 Cripple/1. If a target is already inflicted with Cripple, their Cripple is increased by 2, and its' duration is set to one round if it is less than that.
A46: Savage Spin-out | B46: 2 | C46: EoT | D46: 3 | E46: 2d8+7 | F46: Magical | G46: Standard | H46: 1 | I46: Foe | J46: Range 4 (Splash) | K46: This attack's Splash is a Beam 1 behind the target. The original target is Pulled 3 tiles, while the splashed targets are Pushed 1 tile.
A47: Silk Cocoon | B47: 3 | C47: E3T | D47: - | E47: - | F47: - | G47: Free | H47: 1 | I47: Tile | J47: Homing 4 | K47: Create a Silk Cocoon [Star tile] on an unoccupied tile in range. If the user already has a Silk Cocoon, the previous one is destroyed. It acts like an Ice tile with 25 HP, but the user's attacks deal only a maximum of 15 damage to it, and the user's Scissors effects ignore its Ice Clause. Tiles in the Silk Cocoon's Burst 1 take an additional 1 MP to enter. This effect does not stack and its range cannot be increased.
A48: Debilitate | B48: 4 | C48: E3T | D48: 4 | E48: 3d10+5 | F48: Magical | G48: Standard | H48: 1 | I48: Foe | J48: Melee | K48: This attack ignores 4 DEF, increased by another 4 per Ramping Magic proc. If this attack ignores all of the target's MDEF, it triggers Ramping Magic.
A49: Piercing Jab | B49: 5 | C49: E3T | D49: 4 | E49: 1d12+5 | F49: Magical | G49: Standard | H49: AoE | I49: Foes | J49: Pierce 3 | K49: For every 30 damage the user has taken since the start of their last turn, this attack gains +1 dice and has its' range upgraded (Pierce -> Beam -> Cone).
A50: Enchanted Blade | B50: 6 | C50: Twice/E3T | D50: 3 | E50: 3d8+3 | F50: Magical | G50: Standard | H50: AoE | I50: Foes | J50: Beam 2 | K50: Targets are inflicted with 4 Curse/1 or 4 Bleed/1. If there are multiple targets, inflict both, but their damage does not stack.
A51: Handle Bash | B51: 7 | C51: Thrice/EoT | D51: 4 | E51: 2d10+7 | F51: Magical | G51: Standard | H51: AoE | I51: Foes | J51: Cone 1 | K51: This attack has Pull 1 or Push 1, chosen by the user. The user teleports to a tile in Beam 2 in the direction of this attack (Push) or in the opposite direction (Pull). On their next turn, all of the target's actions, including Basic Movement, cost 1 MP to use.
A52: Weaver's Whirl | B52: 8 | C52: E3T | D52: - | E52: - | F52: - | G52: Swift | H52: AoE | I52: Allies and Self | J52: Burst 1 | K52: Targets gain 2d8 Shield/1. When this Shield is broken, foes in their Star 1 are inflicted with -2 MP/1. This can stack to a maximum of -4.
A53: Thirteenfold Cut | B53: 9 | C53: Twice/E3T | D53: 4 | E53: 2d6+12 | F53: Magical | G53: Standard | H53: AoE | I53: Foes | J53: Cone 1 | K53: Pick up to 3 players in range to inflict with -5 DEF/1. Those players may choose to negate this debuff on themselves. For each one that does, the user gains +4 DEF/1.
A54: Guillotine | B54: 10 | C54: Every Turn | D54: 4 | E54: 3d10+7 | F54: Magical | G54: Standard | H54: AoE | I54: Foes | J54: Cone 1 | K54: This attack starts at zero uses and gains a use whenever Ramping Magic activates. This attack has +1 dice for each time Ramping Magic has activated, and -1 dice per target.
A55: Jammed Blades | B55: EX1 | C55: Passive | D55: - | E55: - | F55: - | G55: - | H55: - | I55: - | J55: - | K55: The user's Silk Cocoon's Frequency is Every Turn and it is immune to damage, but disappears at the start of their next turn. Piercing Jab cannot gain more than 3 dice.
A56: Silken Suit | B56: EX2 | C56: Passive | D56: - | E56: - | F56: - | G56: - | H56: - | I56: - | J56: - | K56: The first time the user damages or is damaged by a foe, they take 20% less damage from all attacks for one round.

Sheet Stats
A1: HP | B1: A | C1: M | D1: PD | E1: MD | F1: EV | G1: MP | H1: HP | I1: A | J1: M | K1: PD | L1: MD | M1: EV | N1: MP | O1: HP | P1: A | Q1: M | R1: PD | S1: MD | T1: EV | U1: MP | V1: HP | W1: A | X1: M | Y1: PD | Z1: MD | AA1: EV | AB1: MP
A2: Classes
A3: Bard | H3: Blacksmith | O3: Cleric | V3: Dancer
A4: 80 | B4: 7 | C4: 7 | D4: 0 | E4: 0 | F4: 1.7 | G4: 3 | H4: 65 | I4: 9 | J4: 8 | K4: 4 | L4: 6 | M4: 0.9 | N4: 3 | O4: 55 | P4: 7 | Q4: 10 | R4: 2 | S4: 4 | T4: 0.6 | U4: 3 | V4: 70 | W4: 11 | X4: 10 | Y4: 2 | Z4: 4 | AA4: 1.6 | AB4: 3
A5: Monk | H5: Paladin | O5: Rifter | V5: Skirmisher
A6: 70 | B6: 12 | C6: 11 | D6: 1 | E6: 1 | F6: 1.1 | G6: 2 | H6: 85 | I6: 6 | J6: 6 | K6: 6 | L6: 6 | M6: 1 | N6: 2 | O6: 60 | P6: 12 | Q6: 13 | R6: 2 | S6: 2 | T6: 0.5 | U6: 3 | V6: 65 | W6: 13 | X6: 13 | Y6: 1 | Z6: 2 | AA6: 1.9 | AB6: 4
A7: Archer | H7: Clairvoyant | O7: Dark | V7: Dueler
A8: Crossbow | H8: Cards | O8: Athame | V8: Gladius
A9: 65 | B9: 15 | C9: 10 | D9: 3 | E9: 3 | F9: 1 | G9: 2 | H9: 60 | I9: 5 | J9: 8 | K9: 4 | L9: 7 | M9: 1.1 | N9: 2 | O9: 65 | P9: 9 | Q9: 12 | R9: 5 | S9: 2 | T9: 1 | U9: 3 | V9: 70 | W9: 16 | X9: 3 | Y9: 5 | Z9: 1 | AA9: 0.5 | AB9: 2
A10: Longbow | H10: Lunar Rod | O10: Scythe | V10: Quarterstaff
A11: 60 | B11: 19 | C11: 13 | D11: 0 | E11: 2 | F11: 0.6 | G11: 0 | H11: 70 | I11: 3 | J11: 15 | K11: 0 | L11: 3 | M11: 0.7 | N11: 2 | O11: 55 | P11: 9 | Q11: 16 | R11: 6 | S11: 4 | T11: 0.6 | U11: 2 | V11: 65 | W11: 16 | X11: 0 | Y11: 5 | Z11: 3 | AA11: 0.9 | AB11: 2
A12: Shortbow | H12: Orb | O12: Totems | V12: Tonfa
A13: 60 | B13: 13 | C13: 11 | D13: 2 | E13: 1 | F13: 0.3 | G13: 3 | H13: 60 | I13: 9 | J13: 18 | K13: 1 | L13: 6 | M13: 0.6 | N13: 1 | O13: 65 | P13: 3 | Q13: 14 | R13: 0 | S13: 7 | T13: 0.7 | U13: 1 | V13: 55 | W13: 14 | X13: 12 | Y13: 9 | Z13: 9 | AA13: 0.8 | AB13: 2
A14: Heavy | H14: Noble | O14: Sorcerer | V14: Trophy
A15: Axe | H15: Crown | O15: Shillelagh | V15: Cutlass
A16: 70 | B16: 24 | C16: 0 | D16: 2 | E16: 0 | F16: 0.2 | G16: 1 | H16: 65 | I16: 12 | J16: 9 | K16: 3 | L16: 3 | M16: 0.5 | N16: 2 | O16: 65 | P16: 17 | Q16: 17 | R16: 3 | S16: 3 | T16: 0.5 | U16: 1 | V16: 65 | W16: 12 | X16: 5 | Y16: 6 | Z16: 4 | AA16: 0.6 | AB16: 2
A17: Hammer | H17: Katana | O17: Spellbook | V17: Fangs
A18: 70 | B18: 18 | C18: 7 | D18: 4 | E18: 5 | F18: 0.8 | G18: 1 | H18: 65 | I18: 16 | J18: 14 | K18: 2 | L18: 1 | M18: 0.6 | N18: 3 | O18: 55 | P18: 0 | Q18: 15 | R18: 4 | S18: 6 | T18: 1.2 | U18: 2 | V18: 60 | W18: 13 | X18: 10 | Y18: 5 | Z18: 3 | AA18: 0.5 | AB18: 1
A19: Tomahawk | H19: Rapier | O19: Talisman | V19: Scissors
A20: 70 | B20: 15 | C20: 5 | D20: 5 | E20: 3 | F20: 0.4 | G20: 2 | H20: 60 | I20: 14 | J20: 12 | K20: 5 | L20: 5 | M20: 1 | N20: 3 | O20: 60 | P20: 4 | Q20: 9 | R20: 3 | S20: 7 | T20: 1.3 | U20: 2 | V20: 70 | W20: 7 | X20: 15 | Y20: 4 | Z20: 5 | AA20: 0.9 | AB20: 2

Sheet Combos
B1: HP | C1: A | D1: M | E1: PD | F1: MD | G1: EV | H1: MP | I1: HP | J1: A | K1: M | L1: PD | M1: MD | N1: EV | O1: MP | P1: HP | Q1: A | R1: M | S1: PD | T1: MD | U1: EV | V1: MP | W1: HP | X1: A | Y1: M | Z1: PD | AA1: MD | AB1: EV | AC1: MP | AD1: HP | AE1: A | AF1: M | AG1: PD | AH1: MD | AI1: EV | AJ1: MP | AK1: HP | AL1: A | AM1: M | AN1: PD | AO1: MD | AP1: EV | AQ1: MP | AR1: HP | AS1: A | AT1: M | AU1: PD | AV1: MD | AW1: EV | AX1: MP | AY1: HP | AZ1: A | BA1: M | BB1: PD | BC1: MD | BD1: EV | BE1: MP
B2: Bard | I2: Blacksmith | P2: Cleric | W2: Dancer | AD2: Monk | AK2: Paladin | AR2: Rifter | AY2: Skirmisher
A3: Crossbow | B3: =Stats!A4+Stats!A9 -> 145 | C3: =Stats!B4+Stats!B9 -> 22 | D3: =Stats!C4+Stats!C9 -> 17 | E3: =Stats!D4+Stats!D9 -> 3 | F3: =Stats!E4+Stats!E9 -> 3 | G3: =ROUNDDOWN(Stats!F4+Stats!F9,0) -> 2 | H3: =Stats!G4+Stats!G9 -> 5 | I3: =Stats!H4+Stats!A9 -> 130 | J3: =Stats!I4+Stats!B9 -> 24 | K3: =Stats!J4+Stats!C9 -> 18 | L3: =Stats!K4+Stats!D9 -> 7 | M3: =Stats!L4+Stats!E9 -> 9 | N3: =ROUNDDOWN(Stats!M4+Stats!F9,0) -> 1 | O3: =Stats!N4+Stats!G9 -> 5 | P3: =Stats!O4+Stats!A9 -> 120 | Q3: =Stats!P4+Stats!B9 -> 22 | R3: =Stats!Q4+Stats!C9 -> 20 | S3: =Stats!R4+Stats!D9 -> 5 | T3: =Stats!S4+Stats!E9 -> 7 | U3: =ROUNDDOWN(Stats!T4+Stats!F9,0) -> 1 | V3: =Stats!U4+Stats!G9 -> 5 | W3: =Stats!V4+Stats!A9 -> 135 | X3: =Stats!W4+Stats!B9 -> 26 | Y3: =Stats!X4+Stats!C9 -> 20 | Z3: =Stats!Y4+Stats!D9 -> 5 | AA3: =+Stats!Z4+Stats!E9 -> 7 | AB3: =ROUNDDOWN(Stats!AA4+Stats!F9,0) -> 2 | AC3: =Stats!AB4+Stats!G9 -> 5 | AD3: =Stats!A6+Stats!A9 -> 135 | AE3: =Stats!B6+Stats!B9 -> 27 | AF3: =Stats!C6+Stats!C9 -> 21 | AG3: =Stats!D6+Stats!D9 -> 4 | AH3: =Stats!E6+Stats!E9 -> 4 | AI3: =ROUNDDOWN(Stats!F6+Stats!F9,0) -> 2 | AJ3: =Stats!G6+Stats!G9 -> 4 | AK3: =Stats!H6+Stats!A9 -> 150 | AL3: =Stats!I6+Stats!B9 -> 21 | AM3: =Stats!J6+Stats!C9 -> 16 | AN3: =Stats!K6+Stats!D9 -> 9 | AO3: =Stats!L6+Stats!E9 -> 9 | AP3: =ROUNDDOWN(Stats!M6+Stats!F9,0) -> 2 | AQ3: =Stats!N6+Stats!G9 -> 4 | AR3: =Stats!O6+Stats!A9 -> 125 | AS3: =Stats!P6+Stats!B9 -> 27 | AT3: =Stats!Q6+Stats!C9 -> 23 | AU3: =Stats!R6+Stats!D9 -> 5 | AV3: =Stats!S6+Stats!E9 -> 5 | AW3: =ROUNDDOWN(Stats!T6+Stats!F9,0) -> 1 | AX3: =Stats!U6+Stats!G9 -> 5 | AY3: =Stats!V6+Stats!A9 -> 130 | AZ3: =Stats!W6+Stats!B9 -> 28 | BA3: =Stats!X6+Stats!C9 -> 23 | BB3: =Stats!Y6+Stats!D9 -> 4 | BC3: =Stats!Z6+Stats!E9 -> 5 | BD3: =ROUNDDOWN(Stats!AA6+Stats!F9,0) -> 2 | BE3: =Stats!AB6+Stats!G9 -> 6
A4: Longbow | B4: =Stats!A4+Stats!A11 -> 140 | C4: =Stats!B4+Stats!B11 -> 26 | D4: =Stats!C4+Stats!C11 -> 20 | E4: =Stats!D4+Stats!D11 -> 0 | F4: =Stats!E4+Stats!E11 -> 2 | G4: =ROUNDDOWN(Stats!F4+Stats!F11,0) -> 2 | H4: =Stats!G4+Stats!G11 -> 3 | I4: =Stats!H4+Stats!A11 -> 125 | J4: =Stats!I4+Stats!B11 -> 28 | K4: =Stats!J4+Stats!C11 -> 21 | L4: =Stats!K4+Stats!D11 -> 4 | M4: =Stats!L4+Stats!E11 -> 8 | N4: =ROUNDDOWN(Stats!M4+Stats!F11,0) -> 1 | O4: =Stats!N4+Stats!G11 -> 3 | P4: =Stats!O4+Stats!A11 -> 115 | Q4: =Stats!P4+Stats!B11 -> 26 | R4: =Stats!Q4+Stats!C11 -> 23 | S4: =Stats!R4+Stats!D11 -> 2 | T4: =Stats!S4+Stats!E11 -> 6 | U4: =ROUNDDOWN(Stats!T4+Stats!F11,0) -> 1 | V4: =Stats!U4+Stats!G11 -> 3 | W4: =Stats!V4+Stats!A11 -> 130 | X4: =Stats!W4+Stats!B11 -> 30 | Y4: =Stats!X4+Stats!C11 -> 23 | Z4: =Stats!Y4+Stats!D11 -> 2 | AA4: =Stats!Z4+Stats!E11 -> 6 | AB4: =ROUNDDOWN(Stats!AA4+Stats!F11,0) -> 2 | AC4: =Stats!AB4+Stats!G11 -> 3 | AD4: =Stats!A6+Stats!A11 -> 130 | AE4: =Stats!B6+Stats!B11 -> 31 | AF4: =Stats!C6+Stats!C11 -> 24 | AG4: =Stats!D6+Stats!D11 -> 1 | AH4: =Stats!E6+Stats!E11 -> 3 | AI4: =ROUNDDOWN(Stats!F6+Stats!F11,0) -> 1 | AJ4: =Stats!G6+Stats!G11 -> 2 | AK4: =Stats!H6+Stats!A11 -> 145 | AL4: =Stats!I6+Stats!B11 -> 25 | AM4: =Stats!J6+Stats!C11 -> 19 | AN4: =Stats!K6+Stats!D11 -> 6 | AO4: =Stats!L6+Stats!E11 -> 8 | AP4: =ROUNDDOWN(Stats!M6+Stats!F11,0) -> 1 | AQ4: =Stats!N6+Stats!G11 -> 2 | AR4: =Stats!O6+Stats!A11 -> 120 | AS4: =Stats!P6+Stats!B11 -> 31 | AT4: =Stats!Q6+Stats!C11 -> 26 | AU4: =Stats!R6+Stats!D11 -> 2 | AV4: =Stats!S6+Stats!E11 -> 4 | AW4: =ROUNDDOWN(Stats!T6+Stats!F11,0) -> 1 | AX4: =Stats!U6+Stats!G11 -> 3 | AY4: =Stats!V6+Stats!A11 -> 125 | AZ4: =Stats!W6+Stats!B11 -> 32 | BA4: =Stats!X6+Stats!C11 -> 26 | BB4: =Stats!Y6+Stats!D11 -> 1 | BC4: =Stats!Z6+Stats!E11 -> 4 | BD4: =ROUNDDOWN(Stats!AA6+Stats!F11,0) -> 2 | BE4: =Stats!AB6+Stats!G11 -> 4
A5: Shortbow | B5: =Stats!A4+Stats!A13 -> 140 | C5: =Stats!B4+Stats!B13 -> 20 | D5: =Stats!C4+Stats!C13 -> 18 | E5: =Stats!D4+Stats!D13 -> 2 | F5: =Stats!E4+Stats!E13 -> 1 | G5: =ROUNDDOWN(Stats!F4+Stats!F13,0) -> 2 | H5: =Stats!G4+Stats!G13 -> 6 | I5: =Stats!H4+Stats!A13 -> 125 | J5: =Stats!I4+Stats!B13 -> 22 | K5: =Stats!J4+Stats!C13 -> 19 | L5: =Stats!K4+Stats!D13 -> 6 | M5: =Stats!L4+Stats!E13 -> 7 | N5: =ROUNDDOWN(Stats!M4+Stats!F13,0) -> 1 | O5: =Stats!N4+Stats!G13 -> 6 | P5: =Stats!O4+Stats!A13 -> 115 | Q5: =Stats!P4+Stats!B13 -> 20 | R5: =Stats!Q4+Stats!C13 -> 21 | S5: =Stats!R4+Stats!D13 -> 4 | T5: =Stats!S4+Stats!E13 -> 5 | U5: =ROUNDDOWN(Stats!T4+Stats!F13,0) -> 0 | V5: =Stats!U4+Stats!G13 -> 6 | W5: =Stats!V4+Stats!A13 -> 130 | X5: =Stats!W4+Stats!B13 -> 24 | Y5: =Stats!X4+Stats!C13 -> 21 | Z5: =Stats!Y4+Stats!D13 -> 4 | AA5: =Stats!Z4+Stats!E13 -> 5 | AB5: =ROUNDDOWN(Stats!AA4+Stats!F13,0) -> 1 | AC5: =Stats!AB4+Stats!G13 -> 6 | AD5: =Stats!A6+Stats!A13 -> 130 | AE5: =Stats!B6+Stats!B13 -> 25 | AF5: =Stats!C6+Stats!C13 -> 22 | AG5: =Stats!D6+Stats!D13 -> 3 | AH5: =Stats!E6+Stats!E13 -> 2 | AI5: =ROUNDDOWN(Stats!F6+Stats!F13,0) -> 1 | AJ5: =Stats!G6+Stats!G13 -> 5 | AK5: =Stats!H6+Stats!A13 -> 145 | AL5: =Stats!I6+Stats!B13 -> 19 | AM5: =Stats!J6+Stats!C13 -> 17 | AN5: =Stats!K6+Stats!D13 -> 8 | AO5: =Stats!L6+Stats!E13 -> 7 | AP5: =ROUNDDOWN(Stats!M6+Stats!F13,0) -> 1 | AQ5: =Stats!N6+Stats!G13 -> 5 | AR5: =Stats!O6+Stats!A13 -> 120 | AS5: =Stats!P6+Stats!B13 -> 25 | AT5: =Stats!Q6+Stats!C13 -> 24 | AU5: =Stats!R6+Stats!D13 -> 4 | AV5: =Stats!S6+Stats!E13 -> 3 | AW5: =ROUNDDOWN(Stats!T6+Stats!F13,0) -> 0 | AX5: =Stats!U6+Stats!G13 -> 6 | AY5: =Stats!V6+Stats!A13 -> 125 | AZ5: =Stats!W6+Stats!B13 -> 26 | BA5: =Stats!X6+Stats!C13 -> 24 | BB5: =Stats!Y6+Stats!D13 -> 3 | BC5: =Stats!Z6+Stats!E13 -> 3 | BD5: =ROUNDDOWN(Stats!AA6+Stats!F13,0) -> 2 | BE5: =Stats!AB6+Stats!G13 -> 7
A6: Cards | B6: =Stats!A4+Stats!H9 -> 140 | C6: =Stats!B4+Stats!I9 -> 12 | D6: =Stats!C4+Stats!J9 -> 15 | E6: =Stats!D4+Stats!K9 -> 4 | F6: =Stats!E4+Stats!L9 -> 7 | G6: =ROUNDDOWN(Stats!F4+Stats!M9,0) -> 2 | H6: =Stats!G4+Stats!N9 -> 5 | I6: =Stats!H4+Stats!H9 -> 125 | J6: =Stats!I4+Stats!I9 -> 14 | K6: =Stats!J4+Stats!J9 -> 16 | L6: =Stats!K4+Stats!K9 -> 8 | M6: =Stats!L4+Stats!L9 -> 13 | N6: =ROUNDDOWN(Stats!M4+Stats!M9,0) -> 2 | O6: =Stats!N4+Stats!N9 -> 5 | P6: =Stats!O4+Stats!H9 -> 115 | Q6: =Stats!P4+Stats!I9 -> 12 | R6: =Stats!Q4+Stats!J9 -> 18 | S6: =Stats!R4+Stats!K9 -> 6 | T6: =Stats!S4+Stats!L9 -> 11 | U6: =ROUNDDOWN(Stats!T4+Stats!M9,0) -> 1 | V6: =Stats!U4+Stats!N9 -> 5 | W6: =Stats!V4+Stats!H9 -> 130 | X6: =Stats!W4+Stats!I9 -> 16 | Y6: =Stats!X4+Stats!J9 -> 18 | Z6: =Stats!Y4+Stats!K9 -> 6 | AA6: =Stats!Z4+Stats!L9 -> 11 | AB6: =ROUNDDOWN(Stats!AA4+Stats!M9,0) -> 2 | AC6: =Stats!AB4+Stats!N9 -> 5 | AD6: =Stats!A6+Stats!H9 -> 130 | AE6: =Stats!B6+Stats!I9 -> 17 | AF6: =Stats!C6+Stats!J9 -> 19 | AG6: =Stats!D6+Stats!K9 -> 5 | AH6: =Stats!E6+Stats!L9 -> 8 | AI6: =ROUNDDOWN(Stats!F6+Stats!M9,0) -> 2 | AJ6: =Stats!G6+Stats!N9 -> 4 | AK6: =Stats!H6+Stats!H9 -> 145 | AL6: =Stats!I6+Stats!I9 -> 11 | AM6: =Stats!J6+Stats!J9 -> 14 | AN6: =Stats!K6+Stats!K9 -> 10 | AO6: =Stats!L6+Stats!L9 -> 13 | AP6: =ROUNDDOWN(Stats!M6+Stats!M9,0) -> 2 | AQ6: =Stats!N6+Stats!N9 -> 4 | AR6: =Stats!O6+Stats!H9 -> 120 | AS6: =Stats!P6+Stats!I9 -> 17 | AT6: =Stats!Q6+Stats!J9 -> 21 | AU6: =Stats!R6+Stats!K9 -> 6 | AV6: =Stats!S6+Stats!L9 -> 9 | AW6: =ROUNDDOWN(Stats!T6+Stats!M9,0) -> 1 | AX6: =Stats!U6+Stats!N9 -> 5 | AY6: =Stats!V6+Stats!H9 -> 125 | AZ6: =Stats!W6+Stats!I9 -> 18 | BA6: =Stats!X6+Stats!J9 -> 21 | BB6: =Stats!Y6+Stats!K9 -> 5 | BC6: =Stats!Z6+Stats!L9 -> 9 | BD6: =ROUNDDOWN(Stats!AA6+Stats!M9,0) -> 3 | BE6: =Stats!AB6+Stats!N9 -> 6
A7: Lunar Rod | B7: =Stats!A4+Stats!H11 -> 150 | C7: =Stats!B4+Stats!I11 -> 10 | D7: =Stats!C4+Stats!J11 -> 22 | E7: =Stats!D4+Stats!K11 -> 0 | F7: =Stats!E4+Stats!L11 -> 3 | G7: =ROUNDDOWN(Stats!F4+Stats!M11,0) -> 2 | H7: =Stats!G4+Stats!N11 -> 5 | I7: =Stats!H4+Stats!H11 -> 135 | J7: =Stats!I4+Stats!I11 -> 12 | K7: =Stats!J4+Stats!J11 -> 23 | L7: =Stats!K4+Stats!K11 -> 4 | M7: =Stats!L4+Stats!L11 -> 9 | N7: =ROUNDDOWN(Stats!M4+Stats!M11,0) -> 1 | O7: =Stats!N4+Stats!N11 -> 5 | P7: =Stats!O4+Stats!H11 -> 125 | Q7: =Stats!P4+Stats!I11 -> 10 | R7: =Stats!Q4+Stats!J11 -> 25 | S7: =Stats!R4+Stats!K11 -> 2 | T7: =Stats!S4 -> 4 | U7: =ROUNDDOWN(Stats!T4+Stats!M11,0) -> 1 | V7: =Stats!U4+Stats!N11 -> 5 | W7: =Stats!V4+Stats!H11 -> 140 | X7: =Stats!W4+Stats!I11 -> 14 | Y7: =Stats!X4+Stats!J11 -> 25 | Z7: =Stats!Y4+Stats!K11 -> 2 | AA7: =Stats!Z4+Stats!L11 -> 7 | AB7: =ROUNDDOWN(Stats!AA4+Stats!M11,0) -> 2 | AC7: =Stats!AB4+Stats!N11 -> 5 | AD7: =Stats!A6+Stats!H11 -> 140 | AE7: =Stats!B6+Stats!I11 -> 15 | AF7: =Stats!C6+Stats!J11 -> 26 | AG7: =Stats!D6+Stats!K11 -> 1 | AH7: =Stats!E6+Stats!L11 -> 4 | AI7: =ROUNDDOWN(Stats!F6+Stats!M11,0) -> 1 | AJ7: =Stats!G6+Stats!N11 -> 4 | AK7: =Stats!H6+Stats!H11 -> 155 | AL7: =Stats!I6+Stats!I11 -> 9 | AM7: =Stats!J6+Stats!J11 -> 21 | AN7: =Stats!K6+Stats!K11 -> 6 | AO7: =Stats!L6+Stats!L11 -> 9 | AP7: =ROUNDDOWN(Stats!M6+Stats!M11,0) -> 1 | AQ7: =Stats!N6+Stats!N11 -> 4 | AR7: =Stats!O6+Stats!H11 -> 130 | AS7: =Stats!P6+Stats!I11 -> 15 | AT7: =Stats!Q6+Stats!J11 -> 28 | AU7: =Stats!R6+Stats!K11 -> 2 | AV7: =Stats!S6+Stats!L11 -> 5 | AW7: =ROUNDDOWN(Stats!T6+Stats!M11,0) -> 1 | AX7: =Stats!U6+Stats!N11 -> 5 | AY7: =Stats!V6+Stats!H11 -> 135 | AZ7: =Stats!W6+Stats!I11 -> 16 | BA7: =Stats!X6+Stats!J11 -> 28 | BB7: =Stats!Y6+Stats!K11 -> 1 | BC7: =Stats!Z6+Stats!L11 -> 5 | BD7: =ROUNDDOWN(Stats!AA6+Stats!M11,0) -> 2 | BE7: =Stats!AB6+Stats!N11 -> 6
A8: Orb | B8: =Stats!A4+Stats!H13 -> 140 | C8: =Stats!B4+Stats!I13 -> 16 | D8: =Stats!C4+Stats!J13 -> 25 | E8: =Stats!D4+Stats!K13 -> 1 | F8: =Stats!E4+Stats!L13 -> 6 | G8: =ROUNDDOWN(Stats!F4+Stats!M13,0) -> 2 | H8: =Stats!G4+Stats!N13 -> 4 | I8: =Stats!H4+Stats!H13 -> 125 | J8: =Stats!I4+Stats!I13 -> 18 | K8: =Stats!J4+Stats!J13 -> 26 | L8: =Stats!K4+Stats!K13 -> 5 | M8: =Stats!L4+Stats!L13 -> 12 | N8: =ROUNDDOWN(Stats!M4+Stats!M13,0) -> 1 | O8: =Stats!N4+Stats!N13 -> 4 | P8: =Stats!O4+Stats!H13 -> 115 | Q8: =Stats!P4+Stats!I13 -> 16 | R8: =Stats!Q4+Stats!J13 -> 28 | S8: =Stats!R4+Stats!K13 -> 3 | T8: =Stats!S4+Stats!L13 -> 10 | U8: =ROUNDDOWN(Stats!T4+Stats!M13,0) -> 1 | V8: =Stats!U4+Stats!N13 -> 4 | W8: =Stats!V4+Stats!H13 -> 130 | X8: =Stats!W4+Stats!I13 -> 20 | Y8: =Stats!X4+Stats!J13 -> 28 | Z8: =Stats!Y4+Stats!K13 -> 3 | AA8: =Stats!Z4+Stats!L13 -> 10 | AB8: =ROUNDDOWN(Stats!AA4+Stats!M13,0) -> 2 | AC8: =Stats!AB4+Stats!N13 -> 4 | AD8: =Stats!A6+Stats!H13 -> 130 | AE8: =Stats!B6+Stats!I13 -> 21 | AF8: =Stats!C6+Stats!J13 -> 29 | AG8: =Stats!D6+Stats!K13 -> 2 | AH8: =Stats!E6+Stats!L13 -> 7 | AI8: =ROUNDDOWN(Stats!F6+Stats!M13,0) -> 1 | AJ8: =Stats!G6+Stats!N13 -> 3 | AK8: =Stats!H6+Stats!H13 -> 145 | AL8: =Stats!I6+Stats!I13 -> 15 | AM8: =Stats!J6+Stats!J13 -> 24 | AN8: =Stats!K6+Stats!K13 -> 7 | AO8: =Stats!L6+Stats!L13 -> 12 | AP8: =ROUNDDOWN(Stats!M6+Stats!M13,0) -> 1 | AQ8: =Stats!N6+Stats!N13 -> 3 | AR8: =Stats!O6+Stats!H13 -> 120 | AS8: =Stats!P6+Stats!I13 -> 21 | AT8: =Stats!Q6+Stats!J13 -> 31 | AU8: =Stats!R6+Stats!K13 -> 3 | AV8: =Stats!S6+Stats!L13 -> 8 | AW8: =ROUNDDOWN(Stats!T6+Stats!M13,0) -> 1 | AX8: =Stats!U6+Stats!N13 -> 4 | AY8: =Stats!V6+Stats!H13 -> 125 | AZ8: =Stats!W6+Stats!I13 -> 22 | BA8: =Stats!X6+Stats!J13 -> 31 | BB8: =Stats!Y6+Stats!K13 -> 2 | BC8: =Stats!Z6+Stats!L13 -> 8 | BD8: =ROUNDDOWN(Stats!AA6+Stats!M13,0) -> 2 | BE8: =Stats!AB6+Stats!N13 -> 5
A9: Athame | B9: =Stats!A4+Stats!O9 -> 145 | C9: =Stats!B4+Stats!P9 -> 16 | D9: =Stats!C4+Stats!Q9 -> 19 | E9: =Stats!D4+Stats!R9 -> 5 | F9: =Stats!E4+Stats!S9 -> 2 | G9: =ROUNDDOWN(Stats!F4+Stats!T9,0) -> 2 | H9: =Stats!G4+Stats!U9 -> 6 | I9: =Stats!H4+Stats!O9 -> 130 | J9: =Stats!I4+Stats!P9 -> 18 | K9: =Stats!J4+Stats!Q9 -> 20 | L9: =Stats!K4+Stats!R9 -> 9 | M9: =Stats!L4+Stats!S9 -> 8 | N9: =ROUNDDOWN(Stats!M4+Stats!T9,0) -> 1 | O9: =Stats!N4+Stats!U9 -> 6 | P9: =Stats!O4+Stats!O9 -> 120 | Q9: =Stats!P4+Stats!P9 -> 16 | R9: =Stats!Q4+Stats!Q9 -> 22 | S9: =Stats!R4+Stats!R9 -> 7 | T9: =Stats!S4+Stats!S9 -> 6 | U9: =ROUNDDOWN(Stats!T4+Stats!T9,0) -> 1 | V9: =Stats!U4+Stats!U9 -> 6 | W9: =Stats!V4+Stats!O9 -> 135 | X9: =Stats!W4+Stats!P9 -> 20 | Y9: =Stats!X4+Stats!Q9 -> 22 | Z9: =Stats!Y4+Stats!R9 -> 7 | AA9: =Stats!Z4+Stats!S9 -> 6 | AB9: =ROUNDDOWN(Stats!AA4+Stats!T9,0) -> 2 | AC9: =Stats!AB4+Stats!U9 -> 6 | AD9: =Stats!A6+Stats!O9 -> 135 | AE9: =Stats!B6+Stats!P9 -> 21 | AF9: =Stats!C6+Stats!Q9 -> 23 | AG9: =Stats!D6+Stats!R9 -> 6 | AH9: =Stats!E6+Stats!S9 -> 3 | AI9: =ROUNDDOWN(Stats!F6+Stats!T9,0) -> 2 | AJ9: =Stats!G6+Stats!U9 -> 5 | AK9: =Stats!H6+Stats!O9 -> 150 | AL9: =Stats!I6+Stats!P9 -> 15 | AM9: =Stats!J6+Stats!Q9 -> 18 | AN9: =Stats!K6+Stats!R9 -> 11 | AO9: =Stats!L6+Stats!S9 -> 8 | AP9: =ROUNDDOWN(Stats!M6+Stats!T9,0) -> 2 | AQ9: =Stats!N6+Stats!U9 -> 5 | AR9: =Stats!O6+Stats!O9 -> 125 | AS9: =Stats!P6+Stats!P9 -> 21 | AT9: =Stats!Q6+Stats!Q9 -> 25 | AU9: =Stats!R6+Stats!R9 -> 7 | AV9: =Stats!S6+Stats!S9 -> 4 | AW9: =ROUNDDOWN(Stats!T6+Stats!T9,0) -> 1 | AX9: =Stats!U6+Stats!U9 -> 6 | AY9: =Stats!V6+Stats!O9 -> 130 | AZ9: =Stats!W6+Stats!P9 -> 22 | BA9: =Stats!X6+Stats!Q9 -> 25 | BB9: =Stats!Y6+Stats!R9 -> 6 | BC9: =Stats!Z6+Stats!S9 -> 4 | BD9: =ROUNDDOWN(Stats!AA6+Stats!T9,0) -> 2 | BE9: =Stats!AB6+Stats!U9 -> 7
A10: Scythe | B10: =Stats!A4+Stats!O11 -> 135 | C10: =Stats!B4+Stats!P11 -> 16 | D10: =Stats!C4+Stats!Q11 -> 23 | E10: =Stats!D4+Stats!R11 -> 6 | F10: =Stats!E4+Stats!S11 -> 4 | G10: =ROUNDDOWN(Stats!F4+Stats!T11,0) -> 2 | H10: =Stats!G4+Stats!U11 -> 5 | I10: =Stats!H4+Stats!O11 -> 120 | J10: =Stats!I4+Stats!P11 -> 18 | K10: =Stats!J4++Stats!Q11 -> 24 | L10: =Stats!K4+Stats!R11 -> 10 | M10: =Stats!L4+Stats!S11 -> 10 | N10: =ROUNDDOWN(Stats!M4+Stats!T11,0) -> 1 | O10: =Stats!N4+Stats!U11 -> 5 | P10: =Stats!O4+Stats!O11 -> 110 | Q10: =Stats!P4+Stats!P11 -> 16 | R10: =Stats!Q4+Stats!Q11 -> 26 | S10: =Stats!R4+Stats!R11 -> 8 | T10: =Stats!S4+Stats!S11 -> 8 | U10: =ROUNDDOWN(Stats!T4+Stats!T11,0) -> 1 | V10: =Stats!U4+Stats!U11 -> 5 | W10: =Stats!V4+Stats!O11 -> 125 | X10: =Stats!W4+Stats!P11 -> 20 | Y10: =Stats!X4+Stats!Q11 -> 26 | Z10: =Stats!Y4+Stats!R11 -> 8 | AA10: =Stats!Z4+Stats!S11 -> 8 | AB10: =ROUNDDOWN(Stats!AA4+Stats!T11,0) -> 2 | AC10: =Stats!AB4+Stats!U11 -> 5 | AD10: =Stats!A6+Stats!O11 -> 125 | AE10: =Stats!B6+Stats!P11 -> 21 | AF10: =Stats!C6+Stats!Q11 -> 27 | AG10: =Stats!D6+Stats!R11 -> 7 | AH10: =Stats!E6+Stats!S11 -> 5 | AI10: =ROUNDDOWN(Stats!F6+Stats!T11,0) -> 1 | AJ10: =Stats!G6+Stats!U11 -> 4 | AK10: =Stats!H6+Stats!O11 -> 140 | AL10: =Stats!I6+Stats!P11 -> 15 | AM10: =Stats!J6+Stats!Q11 -> 22 | AN10: =Stats!K6+Stats!R11 -> 12 | AO10: =Stats!L6+Stats!S11 -> 10 | AP10: =ROUNDDOWN(Stats!M6+Stats!T11,0) -> 1 | AQ10: =Stats!N6+Stats!U11 -> 4 | AR10: =Stats!O6+Stats!O11 -> 115 | AS10: =Stats!P6+Stats!P11 -> 21 | AT10: =Stats!Q6+Stats!Q11 -> 29 | AU10: =Stats!R6+Stats!R11 -> 8 | AV10: =Stats!S6+Stats!S11 -> 6 | AW10: =ROUNDDOWN(Stats!T6+Stats!T11,0) -> 1 | AX10: =Stats!U6+Stats!U11 -> 5 | AY10: =Stats!V6+Stats!O11 -> 120 | AZ10: =Stats!W6+Stats!P11 -> 22 | BA10: =Stats!X6+Stats!Q11 -> 29 | BB10: =Stats!Y6+Stats!R11 -> 7 | BC10: =Stats!Z6+Stats!S11 -> 6 | BD10: =ROUNDDOWN(Stats!AA6+Stats!T11,0) -> 2 | BE10: =Stats!AB6+Stats!U11 -> 6
A11: Totems | B11: =Stats!A4+Stats!O13 -> 145 | C11: =Stats!B4+Stats!P13 -> 10 | D11: =Stats!C4+Stats!Q13 -> 21 | E11: =Stats!D4+Stats!R13 -> 0 | F11: =Stats!E4+Stats!S13 -> 7 | G11: =ROUNDDOWN(Stats!F4+Stats!T13,0) -> 2 | H11: =Stats!G4+Stats!U13 -> 4 | I11: =Stats!H4+Stats!O13 -> 130 | J11: =Stats!I4+Stats!P13 -> 12 | K11: =Stats!J4+Stats!Q13 -> 22 | L11: =Stats!K4+Stats!R13 -> 4 | M11: =Stats!L4+Stats!S13 -> 13 | N11: =ROUNDDOWN(Stats!M4+Stats!T13,0) -> 1 | O11: =Stats!N4+Stats!U13 -> 4 | P11: =Stats!O4+Stats!O13 -> 120 | Q11: =Stats!P4+Stats!P13 -> 10 | R11: =Stats!Q4+Stats!Q13 -> 24 | S11: =Stats!R4+Stats!R13 -> 2 | T11: =Stats!S4+Stats!S13 -> 11 | U11: =ROUNDDOWN(Stats!T4+Stats!T13,0) -> 1 | V11: =Stats!U4+Stats!U13 -> 4 | W11: =Stats!V4+Stats!O13 -> 135 | X11: =Stats!W4+Stats!P13 -> 14 | Y11: =Stats!X4+Stats!Q13 -> 24 | Z11: =Stats!Y4+Stats!R13 -> 2 | AA11: =Stats!Z4+Stats!S13 -> 11 | AB11: =ROUNDDOWN(Stats!AA4+Stats!T13,0) -> 2 | AC11: =Stats!AB4+Stats!U13 -> 4 | AD11: =Stats!A6+Stats!O13 -> 135 | AE11: =Stats!B6+Stats!P13 -> 15 | AF11: =Stats!C6+Stats!Q13 -> 25 | AG11: =Stats!D6+Stats!R13 -> 1 | AH11: =Stats!E6+Stats!S13 -> 8 | AI11: =ROUNDDOWN(Stats!F6+Stats!T13,0) -> 1 | AJ11: =Stats!G6+Stats!U13 -> 3 | AK11: =Stats!H6+Stats!O13 -> 150 | AL11: =Stats!I6+Stats!P13 -> 9 | AM11: =Stats!J6+Stats!Q13 -> 20 | AN11: =Stats!K6+Stats!R13 -> 6 | AO11: =Stats!L6+Stats!S13 -> 13 | AP11: =ROUNDDOWN(Stats!M6+Stats!T13,0) -> 1 | AQ11: =Stats!N6+Stats!U13 -> 3 | AR11: =Stats!O6+Stats!O13 -> 125 | AS11: =Stats!P6+Stats!P13 -> 15 | AT11: =Stats!Q6+Stats!Q13 -> 27 | AU11: =Stats!R6+Stats!R13 -> 2 | AV11: =Stats!S6+Stats!S13 -> 9 | AW11: =ROUNDDOWN(Stats!T6+Stats!T13,0) -> 1 | AX11: =Stats!U6+Stats!U13 -> 4 | AY11: =Stats!V6+Stats!O13 -> 130 | AZ11: =Stats!W6+Stats!P13 -> 16 | BA11: =Stats!X6+Stats!Q13 -> 27 | BB11: =Stats!Y6+Stats!R13 -> 1 | BC11: =Stats!Z6+Stats!S13 -> 9 | BD11: =ROUNDDOWN(Stats!AA6+Stats!T13,0) -> 2 | BE11: =Stats!AB6+Stats!U13 -> 5
A12: Gladius | B12: =Stats!A4+Stats!V9 -> 150 | C12: =Stats!B4+Stats!W9 -> 23 | D12: =Stats!C4+Stats!X9 -> 10 | E12: =Stats!D4+Stats!Y9 -> 5 | F12: =Stats!E4+Stats!Z9 -> 1 | G12: =ROUNDDOWN(Stats!F4+Stats!AA9,0) -> 2 | H12: =Stats!G4+Stats!AB9 -> 5 | I12: =Stats!H4+Stats!V9 -> 135 | J12: =Stats!I4+Stats!W9 -> 25 | K12: =Stats!J4+Stats!X9 -> 11 | L12: =Stats!K4+Stats!Y9 -> 9 | M12: =Stats!L4+Stats!Z9 -> 7 | N12: =ROUNDDOWN(Stats!M4+Stats!AA9,0) -> 1 | O12: =Stats!N4+Stats!AB9 -> 5 | P12: =Stats!O4+Stats!V9 -> 125 | Q12: =Stats!P4+Stats!W9 -> 23 | R12: =Stats!Q4+Stats!X9 -> 13 | S12: =Stats!R4+Stats!Y9 -> 7 | T12: =Stats!S4+Stats!Z9 -> 5 | U12: =ROUNDDOWN(Stats!T4+Stats!AA9,0) -> 1 | V12: =Stats!U4+Stats!AB9 -> 5 | W12: =Stats!V4+Stats!V9 -> 140 | X12: =Stats!W4+Stats!W9 -> 27 | Y12: =Stats!X4+Stats!X9 -> 13 | Z12: =Stats!Y4+Stats!Y9 -> 7 | AA12: =Stats!Z4+Stats!Z9 -> 5 | AB12: =ROUNDDOWN(Stats!AA4+Stats!AA9,0) -> 2 | AC12: =Stats!AB4+Stats!AB9 -> 5 | AD12: =Stats!A6+Stats!V9 -> 140 | AE12: =Stats!B6+Stats!W9 -> 28 | AF12: =Stats!C6+Stats!X9 -> 14 | AG12: =Stats!D6+Stats!Y9 -> 6 | AH12: =Stats!E6+Stats!Z9 -> 2 | AI12: =ROUNDDOWN(Stats!F6+Stats!AA9,0) -> 1 | AJ12: =Stats!G6+Stats!AB9 -> 4 | AK12: =Stats!H6+Stats!V9 -> 155 | AL12: =Stats!I6+Stats!W9 -> 22 | AM12: =Stats!J6+Stats!X9 -> 9 | AN12: =Stats!K6+Stats!Y9 -> 11 | AO12: =Stats!L6+Stats!Z9 -> 7 | AP12: =ROUNDDOWN(Stats!M6+Stats!AA9,0) -> 1 | AQ12: =Stats!N6+Stats!AB9 -> 4 | AR12: =Stats!O6+Stats!V9 -> 130 | AS12: =Stats!P6+Stats!W9 -> 28 | AT12: =Stats!Q6+Stats!X9 -> 16 | AU12: =Stats!R6+Stats!Y9 -> 7 | AV12: =Stats!S6+Stats!Z9 -> 3 | AW12: =ROUNDDOWN(Stats!T6+Stats!AA9,0) -> 1 | AX12: =Stats!U6+Stats!AB9 -> 5 | AY12: =Stats!V6+Stats!V9 -> 135 | AZ12: =Stats!W6+Stats!W9 -> 29 | BA12: =Stats!X6+Stats!X9 -> 16 | BB12: =Stats!Y6+Stats!Y9 -> 6 | BC12: =Stats!Z6+Stats!Z9 -> 3 | BD12: =ROUNDDOWN(Stats!AA6+Stats!AA9,0) -> 2 | BE12: =Stats!AB6+Stats!AB9 -> 6
A13: Quarterstaff | B13: =Stats!A4+Stats!V11 -> 145 | C13: =Stats!B4+Stats!W11 -> 23 | D13: =Stats!C4+Stats!X11 -> 7 | E13: =Stats!D4+Stats!Y11 -> 5 | F13: =Stats!E4+Stats!Z11 -> 3 | G13: =ROUNDDOWN(Stats!F4+Stats!AA11,0) -> 2 | H13: =Stats!G4+Stats!AB11 -> 5 | I13: =Stats!H4+Stats!V11 -> 130 | J13: =Stats!I4+Stats!W11 -> 25 | K13: =Stats!J4+Stats!X11 -> 8 | L13: =Stats!K4+Stats!Y11 -> 9 | M13: =Stats!L4+Stats!Z11 -> 9 | N13: =ROUNDDOWN(Stats!M4+Stats!AA11,0) -> 1 | O13: =Stats!N4+Stats!AB11 -> 5 | P13: =Stats!O4+Stats!V11 -> 120 | Q13: =Stats!P4+Stats!W11 -> 23 | R13: =Stats!Q4+Stats!X11 -> 10 | S13: =Stats!R4+Stats!Y11 -> 7 | T13: =Stats!S4+Stats!Z11 -> 7 | U13: =ROUNDDOWN(Stats!T4+Stats!AA11,0) -> 1 | V13: =Stats!U4+Stats!AB11 -> 5 | W13: =Stats!V4+Stats!V11 -> 135 | X13: =Stats!W4+Stats!W11 -> 27 | Y13: =Stats!X4+Stats!X11 -> 10 | Z13: =Stats!Y4+Stats!Y11 -> 7 | AA13: =Stats!Z4+Stats!Z11 -> 7 | AB13: =Stats!AA4+Stats!AA11 -> 2.5 | AC13: =Stats!AB4+Stats!AB11 -> 5 | AD13: =Stats!A6+Stats!V11 -> 135 | AE13: =Stats!B6+Stats!W11 -> 28 | AF13: =Stats!C6+Stats!X11 -> 11 | AG13: =Stats!D6+Stats!Y11 -> 6 | AH13: =Stats!E6+Stats!Z11 -> 4 | AI13: =ROUNDDOWN(Stats!F6+Stats!AA11,0) -> 2 | AJ13: =Stats!G6+Stats!AB11 -> 4 | AK13: =Stats!H6+Stats!V11 -> 150 | AL13: =Stats!I6+Stats!W11 -> 22 | AM13: =Stats!J6+Stats!X11 -> 6 | AN13: =Stats!K6+Stats!Y11 -> 11 | AO13: =Stats!L6+Stats!Z11 -> 9 | AP13: =ROUNDDOWN(Stats!M6+Stats!AA11,0) -> 1 | AQ13: =Stats!N6+Stats!AB11 -> 4 | AR13: =Stats!O6+Stats!V11 -> 125 | AS13: =Stats!P6+Stats!W11 -> 28 | AT13: =Stats!Q6+Stats!X11 -> 13 | AU13: =Stats!R6+Stats!Y11 -> 7 | AV13: =Stats!S6+Stats!Z11 -> 5 | AW13: =ROUNDDOWN(Stats!T6+Stats!AA11,0) -> 1 | AX13: =Stats!U6+Stats!AB11 -> 5 | AY13: =Stats!V6+Stats!V11 -> 130 | AZ13: =Stats!W6+Stats!W11 -> 29 | BA13: =Stats!X6+Stats!X11 -> 13 | BB13: =Stats!Y6+Stats!Y11 -> 6 | BC13: =Stats!Z6+Stats!Z11 -> 5 | BD13: =ROUNDDOWN(Stats!AA6+Stats!AA11,0) -> 2 | BE13: =Stats!AB6+Stats!AB11 -> 6
A14: Tonfa | B14: =Stats!A4+Stats!V13 -> 135 | C14: =Stats!B4+Stats!W13 -> 21 | D14: =Stats!C4+Stats!X13 -> 19 | E14: =Stats!D4+Stats!Y13 -> 9 | F14: =Stats!E4+Stats!Z13 -> 9 | G14: =ROUNDDOWN(Stats!F4+Stats!AA13,0) -> 2 | H14: =Stats!G4+Stats!AB13 -> 5 | I14: =Stats!H4+Stats!V13 -> 120 | J14: =Stats!I4+Stats!W13 -> 23 | K14: =Stats!J4+Stats!X13 -> 20 | L14: =Stats!K4+Stats!Y13 -> 13 | M14: =Stats!L4+Stats!Z13 -> 15 | N14: =ROUNDDOWN(Stats!M4+Stats!AA13,0) -> 1 | O14: =Stats!N4+Stats!AB13 -> 5 | P14: =Stats!O4+Stats!V13 -> 110 | Q14: =Stats!P4+Stats!W13 -> 21 | R14: =Stats!Q4+Stats!X13 -> 22 | S14: =Stats!R4+Stats!Y13 -> 11 | T14: =Stats!S4+Stats!Z13 -> 13 | U14: =ROUNDDOWN(Stats!T4+Stats!AA13,0) -> 1 | V14: =Stats!U4+Stats!AB13 -> 5 | W14: =Stats!V4+Stats!V13 -> 125 | X14: =Stats!W4+Stats!W13 -> 25 | Y14: =Stats!X4+Stats!X13 -> 22 | Z14: =Stats!Y4+Stats!Y13 -> 11 | AA14: =Stats!Z4+Stats!Z13 -> 13 | AB14: =ROUNDDOWN(Stats!AA4+Stats!AA13,0) -> 2 | AC14: =Stats!AB4+Stats!AB13 -> 5 | AD14: =Stats!A6+Stats!V13 -> 125 | AE14: =Stats!B6+Stats!W13 -> 26 | AF14: =Stats!C6+Stats!X13 -> 23 | AG14: =Stats!D6+Stats!Y13 -> 10 | AH14: =Stats!E6+Stats!Z13 -> 10 | AI14: =ROUNDDOWN(Stats!F6+Stats!AA13,0) -> 1 | AJ14: =Stats!G6+Stats!AB13 -> 4 | AK14: =Stats!H6+Stats!V13 -> 140 | AL14: =Stats!I6+Stats!W13 -> 20 | AM14: =Stats!J6+Stats!X13 -> 18 | AN14: =Stats!K6+Stats!Y13 -> 15 | AO14: =Stats!L6+Stats!Z13 -> 15 | AP14: =ROUNDDOWN(Stats!M6+Stats!AA13,0) -> 1 | AQ14: =Stats!N6+Stats!AB13 -> 4 | AR14: =Stats!O6+Stats!V13 -> 115 | AS14: =Stats!P6+Stats!W13 -> 26 | AT14: =Stats!Q6+Stats!X13 -> 25 | AU14: =Stats!R6+Stats!Y13 -> 11 | AV14: =Stats!S6+Stats!Z13 -> 11 | AW14: =ROUNDDOWN(Stats!T6+Stats!AA13,0) -> 1 | AX14: =Stats!U6+Stats!AB13 -> 5 | AY14: =Stats!V6+Stats!V13 -> 120 | AZ14: =Stats!W6+Stats!W13 -> 27 | BA14: =Stats!X6+Stats!X13 -> 25 | BB14: =Stats!Y6+Stats!Y13 -> 10 | BC14: =Stats!Z6+Stats!Z13 -> 11 | BD14: =ROUNDDOWN(Stats!AA6+Stats!AA13,0) -> 2 | BE14: =Stats!AB6+Stats!AB13 -> 6
A15: Axe | B15: =Stats!A4+Stats!A16 -> 150 | C15: =Stats!B4+Stats!B16 -> 31 | D15: =Stats!C4+Stats!C16 -> 7 | E15: =Stats!D4+Stats!D16 -> 2 | F15: =Stats!E4+Stats!E16 -> 0 | G15: =ROUNDDOWN(Stats!F4+Stats!F16,0) -> 1 | H15: =Stats!G4+Stats!G16 -> 4 | I15: =Stats!H4+Stats!A16 -> 135 | J15: =Stats!I4+Stats!B16 -> 33 | K15: =Stats!J4+Stats!C16 -> 8 | L15: =Stats!K4+Stats!D16 -> 6 | M15: =Stats!L4+Stats!E16 -> 6 | N15: =ROUNDDOWN(Stats!M4+Stats!F16,0) -> 1 | O15: =Stats!N4+Stats!G16 -> 4 | P15: =Stats!O4+Stats!A16 -> 125 | Q15: =Stats!P4+Stats!B16 -> 31 | R15: =Stats!Q4+Stats!C16 -> 10 | S15: =Stats!R4+Stats!D16 -> 4 | T15: =Stats!S4+Stats!E16 -> 4 | U15: =ROUNDDOWN(Stats!T4+Stats!F16,0) -> 0 | V15: =Stats!U4+Stats!G16 -> 4 | W15: =Stats!V4+Stats!A16 -> 140 | X15: =Stats!W4+Stats!B16 -> 35 | Y15: =Stats!X4+Stats!C16 -> 10 | Z15: =Stats!Y4+Stats!D16 -> 4 | AA15: =Stats!Z4+Stats!E16 -> 4 | AB15: =ROUNDDOWN(Stats!AA4+Stats!F16,0) -> 1 | AC15: =Stats!AB4+Stats!G16 -> 4 | AD15: =Stats!A6+Stats!A16 -> 140 | AE15: =Stats!B6+Stats!B16 -> 36 | AF15: =Stats!C6+Stats!C16 -> 11 | AG15: =Stats!D6+Stats!D16 -> 3 | AH15: =Stats!E6+Stats!E16 -> 1 | AI15: =ROUNDDOWN(Stats!F6+Stats!F16,0) -> 1 | AJ15: =Stats!G6+Stats!G16 -> 3 | AK15: =Stats!H6+Stats!A16 -> 155 | AL15: =Stats!I6+Stats!B16 -> 30 | AM15: =Stats!J6+Stats!C16 -> 6 | AN15: =Stats!K6+Stats!D16 -> 8 | AO15: =Stats!L6+Stats!E16 -> 6 | AP15: =ROUNDDOWN(Stats!M6+Stats!F16,0) -> 1 | AQ15: =Stats!N6+Stats!G16 -> 3 | AR15: =Stats!O6+Stats!A16 -> 130 | AS15: =Stats!P6+Stats!B16 -> 36 | AT15: =Stats!Q6+Stats!C16 -> 13 | AU15: =Stats!R6+Stats!D16 -> 4 | AV15: =Stats!S6+Stats!E16 -> 2 | AW15: =ROUNDDOWN(Stats!T6+Stats!F16,0) -> 0 | AX15: =Stats!U6+Stats!G16 -> 4 | AY15: =Stats!V6+Stats!A16 -> 135 | AZ15: =Stats!W6+Stats!B16 -> 37 | BA15: =Stats!X6+Stats!C16 -> 13 | BB15: =Stats!Y6+Stats!D16 -> 3 | BC15: =Stats!Z6+Stats!E16 -> 2 | BD15: =ROUNDDOWN(Stats!AA6+Stats!F16,0) -> 2 | BE15: =Stats!AB6+Stats!G16 -> 5
A16: Hammer | B16: =Stats!A4+Stats!A18 -> 150 | C16: =Stats!B4+Stats!B18 -> 25 | D16: =Stats!C4+Stats!C18 -> 14 | E16: =Stats!D4+Stats!D18 -> 4 | F16: =Stats!E4+Stats!E18 -> 5 | G16: =ROUNDDOWN(Stats!F4+Stats!F18,0) -> 2 | H16: =Stats!G4+Stats!G18 -> 4 | I16: =Stats!H4+Stats!A18 -> 135 | J16: =Stats!I4+Stats!B18 -> 27 | K16: =Stats!J4+Stats!C18 -> 15 | L16: =Stats!K4+Stats!D18 -> 8 | M16: =Stats!L4+Stats!E18 -> 11 | N16: =ROUNDDOWN(Stats!M4+Stats!F18,0) -> 1 | O16: =Stats!N4+Stats!G18 -> 4 | P16: =Stats!O4+Stats!A18 -> 125 | Q16: =Stats!P4+Stats!B18 -> 25 | R16: =Stats!Q4+Stats!C18 -> 17 | S16: =Stats!R4+Stats!D18 -> 6 | T16: =Stats!S4+Stats!E18 -> 9 | U16: =ROUNDDOWN(Stats!T4+Stats!F18,0) -> 1 | V16: =Stats!U4+Stats!G18 -> 4 | W16: =Stats!V4+Stats!A18 -> 140 | X16: =Stats!W4+Stats!B18 -> 29 | Y16: =Stats!X4+Stats!C18 -> 17 | Z16: =Stats!Y4+Stats!D18 -> 6 | AA16: =Stats!Z4+Stats!E18 -> 9 | AB16: =ROUNDDOWN(Stats!AA4+Stats!F18,0) -> 2 | AC16: =Stats!AB4+Stats!G18 -> 4 | AD16: =Stats!A6+Stats!A18 -> 140 | AE16: =Stats!B6+Stats!B18 -> 30 | AF16: =Stats!C6+Stats!C18 -> 18 | AG16: =Stats!D6+Stats!D18 -> 5 | AH16: =Stats!E6+Stats!E18 -> 6 | AI16: =ROUNDDOWN(Stats!F6+Stats!F18,0) -> 1 | AJ16: =Stats!G6+Stats!G18 -> 3 | AK16: =Stats!H6+Stats!A18 -> 155 | AL16: =Stats!I6+Stats!B18 -> 24 | AM16: =Stats!J6+Stats!C18 -> 13 | AN16: =Stats!K6+Stats!D18 -> 10 | AO16: =Stats!L6+Stats!E18 -> 11 | AP16: =ROUNDDOWN(Stats!M6+Stats!F18,0) -> 1 | AQ16: =Stats!N6+Stats!G18 -> 3 | AR16: =Stats!O6+Stats!A18 -> 130 | AS16: =Stats!P6+Stats!B18 -> 30 | AT16: =Stats!Q6+Stats!C18 -> 20 | AU16: =Stats!R6+Stats!D18 -> 6 | AV16: =Stats!S6+Stats!E18 -> 7 | AW16: =ROUNDDOWN(Stats!T6+Stats!F18,0) -> 1 | AX16: =Stats!U6+Stats!G18 -> 4 | AY16: =Stats!V6+Stats!A18 -> 135 | AZ16: =Stats!W6+Stats!B18 -> 31 | BA16: =Stats!X6+Stats!C18 -> 20 | BB16: =Stats!Y6+Stats!D18 -> 5 | BC16: =Stats!Z6+Stats!E18 -> 7 | BD16: =ROUNDDOWN(Stats!AA6+Stats!F18,0) -> 2 | BE16: =Stats!AB6+Stats!G18 -> 5
A17: Tomahawk | B17: =Stats!A4+Stats!A20 -> 150 | C17: =Stats!B4+Stats!B20 -> 22 | D17: =Stats!C4+Stats!C20 -> 12 | E17: =Stats!D4+Stats!D20 -> 5 | F17: =Stats!E4+Stats!E20 -> 3 | G17: =ROUNDDOWN(Stats!F4+Stats!F20,0) -> 2 | H17: =Stats!G4+Stats!G20 -> 5 | I17: =Stats!H4+Stats!A20 -> 135 | J17: =Stats!I4+Stats!B20 -> 24 | K17: =Stats!J4+Stats!C20 -> 13 | L17: =Stats!K4+Stats!D20 -> 9 | M17: =Stats!L4+Stats!E20 -> 9 | N17: =ROUNDDOWN(Stats!M4+Stats!F20,0) -> 1 | O17: =Stats!N4+Stats!G20 -> 5 | P17: =Stats!O4+Stats!A20 -> 125 | Q17: =Stats!P4+Stats!B20 -> 22 | R17: =Stats!Q4+Stats!C20 -> 15 | S17: =Stats!R4+Stats!D20 -> 7 | T17: =Stats!S4+Stats!E20 -> 7 | U17: =ROUNDDOWN(Stats!T4+Stats!F20,0) -> 1 | V17: =Stats!U4+Stats!G20 -> 5 | W17: =Stats!V4+Stats!A20 -> 140 | X17: =Stats!W4+Stats!B20 -> 26 | Y17: =Stats!X4+Stats!C20 -> 15 | Z17: =Stats!Y4+Stats!D20 -> 7 | AA17: =Stats!Z4+Stats!E20 -> 7 | AB17: =ROUNDDOWN(Stats!AA4+Stats!F20,0) -> 2 | AC17: =Stats!AB4+Stats!G20 -> 5 | AD17: =Stats!A6+Stats!A20 -> 140 | AE17: =Stats!B6+Stats!B20 -> 27 | AF17: =Stats!C6+Stats!C20 -> 16 | AG17: =Stats!D6+Stats!D20 -> 6 | AH17: =Stats!E6+Stats!E20 -> 4 | AI17: =ROUNDDOWN(Stats!F6+Stats!F20,0) -> 1 | AJ17: =Stats!G6+Stats!G20 -> 4 | AK17: =Stats!H6+Stats!A20 -> 155 | AL17: =Stats!I6+Stats!B20 -> 21 | AM17: =Stats!J6+Stats!C20 -> 11 | AN17: =Stats!K6+Stats!D20 -> 11 | AO17: =Stats!L6+Stats!E20 -> 9 | AP17: =ROUNDDOWN(Stats!M6+Stats!F20,0) -> 1 | AQ17: =Stats!N6+Stats!G20 -> 4 | AR17: =Stats!O6+Stats!A20 -> 130 | AS17: =Stats!P6+Stats!B20 -> 27 | AT17: =Stats!Q6+Stats!C20 -> 18 | AU17: =Stats!R6+Stats!D20 -> 7 | AV17: =Stats!S6+Stats!E20 -> 5 | AW17: =ROUNDDOWN(Stats!T6+Stats!F20,0) -> 0 | AX17: =Stats!U6+Stats!G20 -> 5 | AY17: =Stats!V6+Stats!A20 -> 135 | AZ17: =Stats!W6+Stats!B20 -> 28 | BA17: =Stats!X6+Stats!C20 -> 18 | BB17: =Stats!Y6+Stats!D20 -> 6 | BC17: =Stats!Z6+Stats!E20 -> 5 | BD17: =ROUNDDOWN(Stats!AA6+Stats!F20,0) -> 2 | BE17: =Stats!AB6+Stats!G20 -> 6
A18: Crown | B18: =Stats!A4+Stats!H16 -> 145 | C18: =Stats!B4+Stats!I16 -> 19 | D18: =Stats!C4+Stats!J16 -> 16 | E18: =Stats!D4+Stats!K16 -> 3 | F18: =Stats!E4+Stats!L16 -> 3 | G18: =ROUNDDOWN(Stats!F4+Stats!M16,0) -> 2 | H18: =Stats!G4+Stats!N16 -> 5 | I18: =Stats!H4+Stats!H16 -> 130 | J18: =Stats!I4+Stats!I16 -> 21 | K18: =Stats!J4+Stats!J16 -> 17 | L18: =Stats!K4+Stats!K16 -> 7 | M18: =Stats!L4+Stats!L16 -> 9 | N18: =ROUNDDOWN(Stats!M4+Stats!M16,0) -> 1 | O18: =Stats!N4+Stats!N16 -> 5 | P18: =Stats!O4+Stats!H16 -> 120 | Q18: =Stats!P4+Stats!I16 -> 19 | R18: =Stats!Q4+Stats!J16 -> 19 | S18: =Stats!R4+Stats!K16 -> 5 | T18: =Stats!S4+Stats!L16 -> 7 | U18: =ROUNDDOWN(Stats!T4+Stats!M16,0) -> 1 | V18: =Stats!U4+Stats!N16 -> 5 | W18: =Stats!V4+Stats!H16 -> 135 | X18: =Stats!W4+Stats!I16 -> 23 | Y18: =Stats!X4+Stats!J16 -> 19 | Z18: =Stats!Y4+Stats!K16 -> 5 | AA18: =Stats!Z4+Stats!L16 -> 7 | AB18: =ROUNDDOWN(Stats!AA4+Stats!M16,0) -> 2 | AC18: =Stats!AB4+Stats!N16 -> 5 | AD18: =Stats!A6+Stats!H16 -> 135 | AE18: =Stats!B6+Stats!I16 -> 24 | AF18: =Stats!C6+Stats!J16 -> 20 | AG18: =Stats!D6+Stats!K16 -> 4 | AH18: =Stats!E6+Stats!L16 -> 4 | AI18: =ROUNDDOWN(Stats!F6+Stats!M16,0) -> 1 | AJ18: =Stats!G6+Stats!N16 -> 4 | AK18: =Stats!H6+Stats!H16 -> 150 | AL18: =Stats!I6+Stats!I16 -> 18 | AM18: =Stats!J6+Stats!J16 -> 15 | AN18: =Stats!K6+Stats!K16 -> 9 | AO18: =Stats!L6+Stats!L16 -> 9 | AP18: =ROUNDDOWN(Stats!M6+Stats!M16,0) -> 1 | AQ18: =Stats!N6+Stats!N16 -> 4 | AR18: =Stats!O6+Stats!H16 -> 125 | AS18: =Stats!P6+Stats!I16 -> 24 | AT18: =Stats!Q6+Stats!J16 -> 22 | AU18: =Stats!R6+Stats!K16 -> 5 | AV18: =Stats!S6+Stats!L16 -> 5 | AW18: =ROUNDDOWN(Stats!T6+Stats!M16,0) -> 1 | AX18: =Stats!U6+Stats!N16 -> 5 | AY18: =Stats!V6+Stats!H16 -> 130 | AZ18: =Stats!W6+Stats!I16 -> 25 | BA18: =Stats!X6+Stats!J16 -> 22 | BB18: =Stats!Y6+Stats!K16 -> 4 | BC18: =Stats!Z6+Stats!L16 -> 5 | BD18: =ROUNDDOWN(Stats!AA6+Stats!M16,0) -> 2 | BE18: =Stats!AB6+Stats!N16 -> 6
A19: Katana | B19: =Stats!A4+Stats!H18 -> 145 | C19: =Stats!B4+Stats!I18 -> 23 | D19: =Stats!C4+Stats!J18 -> 21 | E19: =Stats!D4+Stats!K18 -> 2 | F19: =Stats!E4+Stats!L18 -> 1 | G19: =ROUNDDOWN(Stats!F4+Stats!M18,0) -> 2 | H19: =Stats!G4+Stats!N18 -> 6 | I19: =Stats!H4+Stats!H18 -> 130 | J19: =Stats!I4+Stats!I18 -> 25 | K19: =Stats!J4+Stats!J18 -> 22 | L19: =Stats!K4+Stats!K18 -> 6 | M19: =Stats!L4+Stats!L18 -> 7 | N19: =ROUNDDOWN(Stats!M4+Stats!M18,0) -> 1 | O19: =Stats!N4+Stats!N18 -> 6 | P19: =Stats!O4+Stats!H18 -> 120 | Q19: =Stats!P4+Stats!I18 -> 23 | R19: =Stats!Q4+Stats!J18 -> 24 | S19: =Stats!R4+Stats!K18 -> 4 | T19: =Stats!S4+Stats!L18 -> 5 | U19: =ROUNDDOWN(Stats!T4+Stats!M18,0) -> 1 | V19: =Stats!U4+Stats!N18 -> 6 | W19: =Stats!V4+Stats!H18 -> 135 | X19: =Stats!W4+Stats!I18 -> 27 | Y19: =Stats!X4+Stats!J18 -> 24 | Z19: =Stats!Y4+Stats!K18 -> 4 | AA19: =Stats!Z4+Stats!L18 -> 5 | AB19: =ROUNDDOWN(Stats!AA4+Stats!M18,0) -> 2 | AC19: =Stats!AB4+Stats!N18 -> 6 | AD19: =Stats!A6+Stats!H18 -> 135 | AE19: =Stats!B6+Stats!I18 -> 28 | AF19: =Stats!C6+Stats!J18 -> 25 | AG19: =Stats!D6+Stats!K18 -> 3 | AH19: =Stats!E6+Stats!L18 -> 2 | AI19: =ROUNDDOWN(Stats!F6+Stats!M18,0) -> 1 | AJ19: =Stats!G6+Stats!N18 -> 5 | AK19: =Stats!H6+Stats!H18 -> 150 | AL19: =Stats!I6+Stats!I18 -> 22 | AM19: =Stats!J6+Stats!J18 -> 20 | AN19: =Stats!K6+Stats!K18 -> 8 | AO19: =Stats!L6+Stats!L18 -> 7 | AP19: =ROUNDDOWN(Stats!M6+Stats!M18,0) -> 1 | AQ19: =Stats!N6+Stats!N18 -> 5 | AR19: =Stats!O6+Stats!H18 -> 125 | AS19: =Stats!P6+Stats!I18 -> 28 | AT19: =Stats!Q6+Stats!J18 -> 27 | AU19: =Stats!R6+Stats!K18 -> 4 | AV19: =Stats!S6+Stats!L18 -> 3 | AW19: =ROUNDDOWN(Stats!T6+Stats!M18,0) -> 1 | AX19: =Stats!U6+Stats!N18 -> 6 | AY19: =Stats!V6+Stats!H18 -> 130 | AZ19: =Stats!W6+Stats!I18 -> 29 | BA19: =Stats!X6+Stats!J18 -> 27 | BB19: =Stats!Y6+Stats!K18 -> 3 | BC19: =Stats!Z6+Stats!L18 -> 3 | BD19: =ROUNDDOWN(Stats!AA6+Stats!M18,0) -> 2 | BE19: =Stats!AB6+Stats!N18 -> 7
A20: Rapier | B20: =Stats!A4+Stats!H20 -> 140 | C20: =Stats!B4+Stats!I20 -> 21 | D20: =Stats!C4+Stats!J20 -> 19 | E20: =Stats!D4+Stats!K20 -> 5 | F20: =Stats!E4+Stats!L20 -> 5 | G20: =ROUNDDOWN(Stats!F4+Stats!M20,0) -> 2 | H20: =Stats!G4+Stats!N20 -> 6 | I20: =Stats!H4+Stats!H20 -> 125 | J20: =Stats!I4+Stats!I20 -> 23 | K20: =Stats!J4+Stats!J20 -> 20 | L20: =Stats!K4+Stats!K20 -> 9 | M20: =Stats!L4+Stats!L20 -> 11 | N20: =ROUNDDOWN(Stats!M4+Stats!M20,0) -> 1 | O20: =Stats!N4+Stats!N20 -> 6 | P20: =Stats!O4+Stats!H20 -> 115 | Q20: =Stats!P4+Stats!I20 -> 21 | R20: =Stats!Q4+Stats!J20 -> 22 | S20: =Stats!R4+Stats!K20 -> 7 | T20: =Stats!S4+Stats!L20 -> 9 | U20: =ROUNDDOWN(Stats!T4+Stats!M20,0) -> 1 | V20: =Stats!U4+Stats!N20 -> 6 | W20: =Stats!V4+Stats!H20 -> 130 | X20: =Stats!W4+Stats!I20 -> 25 | Y20: =Stats!X4+Stats!J20 -> 22 | Z20: =Stats!Y4+Stats!K20 -> 7 | AA20: =Stats!Z4+Stats!L20 -> 9 | AB20: =ROUNDDOWN(Stats!AA4+Stats!M20,0) -> 2 | AC20: =Stats!AB4+Stats!N20 -> 6 | AD20: =Stats!A6+Stats!H20 -> 130 | AE20: =Stats!B6+Stats!I20 -> 26 | AF20: =Stats!C6+Stats!J20 -> 23 | AG20: =Stats!D6+Stats!K20 -> 6 | AH20: =Stats!E6+Stats!L20 -> 6 | AI20: =ROUNDDOWN(Stats!F6+Stats!M20,0) -> 2 | AJ20: =Stats!G6+Stats!N20 -> 5 | AK20: =Stats!H6+Stats!H20 -> 145 | AL20: =Stats!I6+Stats!I20 -> 20 | AM20: =Stats!J6+Stats!J20 -> 18 | AN20: =Stats!K6+Stats!K20 -> 11 | AO20: =Stats!L6+Stats!L20 -> 11 | AP20: =ROUNDDOWN(Stats!M6+Stats!M20,0) -> 2 | AQ20: =Stats!N6+Stats!N20 -> 5 | AR20: =Stats!O6+Stats!H20 -> 120 | AS20: =Stats!P6+Stats!I20 -> 26 | AT20: =Stats!Q6+Stats!J20 -> 25 | AU20: =Stats!R6+Stats!K20 -> 7 | AV20: =Stats!S6+Stats!L20 -> 7 | AW20: =ROUNDDOWN(Stats!T6+Stats!M20,0) -> 1 | AX20: =Stats!U6+Stats!N20 -> 6 | AY20: =Stats!V6+Stats!H20 -> 125 | AZ20: =Stats!W6+Stats!I20 -> 27 | BA20: =Stats!X6+Stats!J20 -> 25 | BB20: =Stats!Y6+Stats!K20 -> 6 | BC20: =Stats!Z6+Stats!L20 -> 7 | BD20: =ROUNDDOWN(Stats!AA6+Stats!M20,0) -> 2 | BE20: =Stats!AB6+Stats!N20 -> 7
A21: Shillelagh | B21: =Stats!A4+Stats!O16 -> 145 | C21: =Stats!B4+Stats!P16 -> 24 | D21: =Stats!C4+Stats!Q16 -> 24 | E21: =Stats!D4+Stats!R16 -> 3 | F21: =Stats!E4+Stats!S16 -> 3 | G21: =ROUNDDOWN(Stats!F4+Stats!T16,0) -> 2 | H21: =Stats!G4+Stats!U16 -> 4 | I21: =Stats!H4+Stats!O16 -> 130 | J21: =Stats!I4+Stats!P16 -> 26 | K21: =Stats!J4+Stats!Q16 -> 25 | L21: =Stats!K4+Stats!R16 -> 7 | M21: =Stats!L4+Stats!S16 -> 9 | N21: =ROUNDDOWN(Stats!M4+Stats!T16,0) -> 1 | O21: =Stats!N4+Stats!U16 -> 4 | P21: =Stats!O4+Stats!O16 -> 120 | Q21: =Stats!P4+Stats!P16 -> 24 | R21: =Stats!Q4+Stats!Q16 -> 27 | S21: =Stats!R4+Stats!R16 -> 5 | T21: =Stats!S4+Stats!S16 -> 7 | U21: =ROUNDDOWN(Stats!T4+Stats!T16,0) -> 1 | V21: =Stats!U4+Stats!U16 -> 4 | W21: =Stats!V4+Stats!O16 -> 135 | X21: =Stats!W4+Stats!P16 -> 28 | Y21: =Stats!X4+Stats!Q16 -> 27 | Z21: =Stats!Y4+Stats!R16 -> 5 | AA21: =Stats!Z4+Stats!S16 -> 7 | AB21: =ROUNDDOWN(Stats!AA4+Stats!T16,0) -> 2 | AC21: =Stats!AB4+Stats!U16 -> 4 | AD21: =Stats!A6+Stats!O16 -> 135 | AE21: =Stats!B6+Stats!P16 -> 29 | AF21: =Stats!C6+Stats!Q16 -> 28 | AG21: =Stats!D6+Stats!R16 -> 4 | AH21: =Stats!E6+Stats!S16 -> 4 | AI21: =ROUNDDOWN(Stats!F6+Stats!T16,0) -> 1 | AJ21: =Stats!G6+Stats!U16 -> 3 | AK21: =Stats!H6+Stats!O16 -> 150 | AL21: =Stats!I6+Stats!P16 -> 23 | AM21: =Stats!J6+Stats!Q16 -> 23 | AN21: =Stats!K6+Stats!R16 -> 9 | AO21: =Stats!L6+Stats!S16 -> 9 | AP21: =ROUNDDOWN(Stats!M6+Stats!T16,0) -> 1 | AQ21: =Stats!N6+Stats!U16 -> 3 | AR21: =Stats!O6+Stats!O16 -> 125 | AS21: =Stats!P6+Stats!P16 -> 29 | AT21: =Stats!Q6+Stats!Q16 -> 30 | AU21: =Stats!R6+Stats!R16 -> 5 | AV21: =Stats!S6+Stats!S16 -> 5 | AW21: =ROUNDDOWN(Stats!T6+Stats!T16,0) -> 1 | AX21: =Stats!U6+Stats!U16 -> 4 | AY21: =Stats!V6+Stats!O16 -> 130 | AZ21: =Stats!W6+Stats!P16 -> 30 | BA21: =Stats!X6+Stats!Q16 -> 30 | BB21: =Stats!Y6+Stats!R16 -> 4 | BC21: =Stats!Z6+Stats!S16 -> 5 | BD21: =ROUNDDOWN(Stats!AA6+Stats!T16,0) -> 2 | BE21: =Stats!AB6+Stats!U16 -> 5
A22: Spellbook | B22: =Stats!A4+Stats!O18 -> 135 | C22: =Stats!B4+Stats!P18 -> 7 | D22: =Stats!C4+Stats!Q18 -> 22 | E22: =Stats!D4+Stats!R18 -> 4 | F22: =Stats!E4+Stats!S18 -> 6 | G22: =ROUNDDOWN(Stats!F4+Stats!T18,0) -> 2 | H22: =Stats!G4+Stats!U18 -> 5 | I22: =Stats!H4+Stats!O18 -> 120 | J22: =Stats!I4+Stats!P18 -> 9 | K22: =Stats!J4+Stats!Q18 -> 23 | L22: =Stats!K4+Stats!R18 -> 8 | M22: =Stats!L4+Stats!S18 -> 12 | N22: =ROUNDDOWN(Stats!M4+Stats!T18,0) -> 2 | O22: =Stats!N4+Stats!U18 -> 5 | P22: =Stats!O4+Stats!O18 -> 110 | Q22: =Stats!P4+Stats!P18 -> 7 | R22: =Stats!Q4+Stats!Q18 -> 25 | S22: =Stats!R4+Stats!R18 -> 6 | T22: =Stats!S4+Stats!S18 -> 10 | U22: =ROUNDDOWN(Stats!T4+Stats!T18,0) -> 1 | V22: =Stats!U4+Stats!U18 -> 5 | W22: =Stats!V4+Stats!O18 -> 125 | X22: =Stats!W4+Stats!P18 -> 11 | Y22: =Stats!X4+Stats!Q18 -> 25 | Z22: =Stats!Y4+Stats!R18 -> 6 | AA22: =Stats!Z4+Stats!S18 -> 10 | AB22: =ROUNDDOWN(Stats!AA4+Stats!T18,0) -> 2 | AC22: =Stats!AB4+Stats!U18 -> 5 | AD22: =Stats!A6+Stats!O18 -> 125 | AE22: =Stats!B6+Stats!P18 -> 12 | AF22: =Stats!C6+Stats!Q18 -> 26 | AG22: =Stats!D6+Stats!R18 -> 5 | AH22: =Stats!E6+Stats!S18 -> 7 | AI22: =ROUNDDOWN(Stats!F6+Stats!T18,0) -> 2 | AJ22: =Stats!G6+Stats!U18 -> 4 | AK22: =Stats!H6+Stats!O18 -> 140 | AL22: =Stats!I6+Stats!P18 -> 6 | AM22: =Stats!J6+Stats!Q18 -> 21 | AN22: =Stats!K6+Stats!R18 -> 10 | AO22: =Stats!L6+Stats!S18 -> 12 | AP22: =ROUNDDOWN(Stats!M6+Stats!T18,0) -> 2 | AQ22: =Stats!N6+Stats!U18 -> 4 | AR22: =Stats!O6+Stats!O18 -> 115 | AS22: =Stats!P6+Stats!P18 -> 12 | AT22: =Stats!Q6+Stats!Q18 -> 28 | AU22: =Stats!R6+Stats!R18 -> 6 | AV22: =Stats!S6+Stats!S18 -> 8 | AW22: =ROUNDDOWN(Stats!T6+Stats!T18,0) -> 1 | AX22: =Stats!U6+Stats!U18 -> 5 | AY22: =Stats!V6+Stats!O18 -> 120 | AZ22: =Stats!W6+Stats!P18 -> 13 | BA22: =Stats!X6+Stats!Q18 -> 28 | BB22: =Stats!Y6+Stats!R18 -> 5 | BC22: =Stats!Z6+Stats!S18 -> 8 | BD22: =ROUNDDOWN(Stats!AA6+Stats!T18,0) -> 3 | BE22: =Stats!AB6+Stats!U18 -> 6
A23: Talisman | B23: =Stats!A4+Stats!O20 -> 140 | C23: =Stats!B4+Stats!P20 -> 11 | D23: =Stats!C4+Stats!Q20 -> 16 | E23: =Stats!D4+Stats!R20 -> 3 | F23: =Stats!E4+Stats!S20 -> 7 | G23: =ROUNDDOWN(Stats!F4+Stats!T20,0) -> 3 | H23: =Stats!G4+Stats!U20 -> 5 | I23: =Stats!H4+Stats!O20 -> 125 | J23: =Stats!I4+Stats!P20 -> 13 | K23: =Stats!J4+Stats!Q20 -> 17 | L23: =Stats!K4+Stats!R20 -> 7 | M23: =Stats!L4+Stats!S20 -> 13 | N23: =ROUNDDOWN(Stats!M4+Stats!T20,0) -> 2 | O23: =Stats!N4+Stats!U20 -> 5 | P23: =Stats!O4+Stats!O20 -> 115 | Q23: =Stats!P4+Stats!P20 -> 11 | R23: =Stats!Q4+Stats!Q20 -> 19 | S23: =Stats!R4+Stats!R20 -> 5 | T23: =Stats!S4+Stats!S20 -> 11 | U23: =ROUNDDOWN(Stats!T4+Stats!T20,0) -> 1 | V23: =Stats!U4+Stats!U20 -> 5 | W23: =Stats!V4+Stats!O20 -> 130 | X23: =Stats!W4+Stats!P20 -> 15 | Y23: =Stats!X4+Stats!Q20 -> 19 | Z23: =Stats!Y4+Stats!R20 -> 5 | AA23: =Stats!Z4+Stats!S20 -> 11 | AB23: =ROUNDDOWN(Stats!AA4+Stats!T20,0) -> 2 | AC23: =Stats!AB4+Stats!U20 -> 5 | AD23: =Stats!A6+Stats!O20 -> 130 | AE23: =Stats!B6+Stats!P20 -> 16 | AF23: =Stats!C6+Stats!Q20 -> 20 | AG23: =Stats!D6+Stats!R20 -> 4 | AH23: =Stats!E6+Stats!S20 -> 8 | AI23: =ROUNDDOWN(Stats!F6+Stats!T20,0) -> 2 | AJ23: =Stats!G6+Stats!U20 -> 4 | AK23: =Stats!H6+Stats!O20 -> 145 | AL23: =Stats!I6+Stats!P20 -> 10 | AM23: =Stats!J6+Stats!Q20 -> 15 | AN23: =Stats!K6+Stats!R20 -> 9 | AO23: =Stats!L6+Stats!S20 -> 13 | AP23: =ROUNDDOWN(Stats!M6+Stats!T20,0) -> 2 | AQ23: =Stats!N6+Stats!U20 -> 4 | AR23: =Stats!O6+Stats!O20 -> 120 | AS23: =Stats!P6+Stats!P20 -> 16 | AT23: =Stats!Q6+Stats!Q20 -> 22 | AU23: =Stats!R6+Stats!R20 -> 5 | AV23: =Stats!S6+Stats!S20 -> 9 | AW23: =ROUNDDOWN(Stats!T6+Stats!T20,0) -> 1 | AX23: =Stats!U6+Stats!U20 -> 5 | AY23: =Stats!V6+Stats!O20 -> 125 | AZ23: =Stats!W6+Stats!P20 -> 17 | BA23: =Stats!X6+Stats!Q20 -> 22 | BB23: =Stats!Y6+Stats!R20 -> 4 | BC23: =Stats!Z6+Stats!S20 -> 9 | BD23: =ROUNDDOWN(Stats!AA6+Stats!T20,0) -> 3 | BE23: =Stats!AB6+Stats!U20 -> 6
A24: Cutlass | B24: =Stats!A$4+Stats!V$16 -> 145 | C24: =Stats!B$4+Stats!W$16 -> 19 | D24: =Stats!C$4+Stats!X$16 -> 12 | E24: =Stats!D$4+Stats!Y$16 -> 6 | F24: =Stats!E$4+Stats!Z$16 -> 4 | G24: =ROUNDDOWN(Stats!F$4+Stats!AA$16,0) -> 2 | H24: =Stats!G$4+Stats!AB$16 -> 5 | I24: =Stats!H$4+Stats!V$16 -> 130 | J24: =Stats!I$4+Stats!W$16 -> 21 | K24: =Stats!J$4+Stats!X$16 -> 13 | L24: =Stats!K$4+Stats!Y$16 -> 10 | M24: =Stats!L$4+Stats!Z$16 -> 10 | N24: =ROUNDDOWN(Stats!M$4+Stats!AA$16,0) -> 1 | O24: =Stats!N$4+Stats!AB$16 -> 5 | P24: =Stats!O$4+Stats!V$16 -> 120 | Q24: =Stats!P$4+Stats!W$16 -> 19 | R24: =Stats!Q$4+Stats!X$16 -> 15 | S24: =Stats!R$4+Stats!Y$16 -> 8 | T24: =Stats!S$4+Stats!Z$16 -> 8 | U24: =ROUNDDOWN(Stats!T$4+Stats!AA$16,0) -> 1 | V24: =Stats!U$4+Stats!AB$16 -> 5 | W24: =Stats!V$4+Stats!V$16 -> 135 | X24: =Stats!W$4+Stats!W$16 -> 23 | Y24: =Stats!X$4+Stats!X$16 -> 15 | Z24: =Stats!Y$4+Stats!Y$16 -> 8 | AA24: =Stats!Z$4+Stats!Z$16 -> 8 | AB24: =ROUNDDOWN(Stats!AA$4+Stats!AA$16,0) -> 2 | AC24: =Stats!AB$4+Stats!AB$16 -> 5 | AD24: =Stats!A$6+Stats!V$16 -> 135 | AE24: =Stats!B$6+Stats!W$16 -> 24 | AF24: =Stats!C$6+Stats!X$16 -> 16 | AG24: =Stats!D$6+Stats!Y$16 -> 7 | AH24: =Stats!E$6+Stats!Z$16 -> 5 | AI24: =ROUNDDOWN(Stats!F$6+Stats!AA$16,0) -> 1 | AJ24: =Stats!G$6+Stats!AB$16 -> 4 | AK24: =Stats!H$6+Stats!V$16 -> 150 | AL24: =Stats!I$6+Stats!W$16 -> 18 | AM24: =Stats!J$6+Stats!X$16 -> 11 | AN24: =Stats!K$6+Stats!Y$16 -> 12 | AO24: =Stats!L$6+Stats!Z$16 -> 10 | AP24: =ROUNDDOWN(Stats!M$6+Stats!AA$16,0) -> 1 | AQ24: =Stats!N$6+Stats!AB$16 -> 4 | AR24: =Stats!O$6+Stats!V$16 -> 125 | AS24: =Stats!P$6+Stats!W$16 -> 24 | AT24: =Stats!Q$6+Stats!X$16 -> 18 | AU24: =Stats!R$6+Stats!Y$16 -> 8 | AV24: =Stats!S$6+Stats!Z$16 -> 6 | AW24: =ROUNDDOWN(Stats!T$6+Stats!AA$16,0) -> 1 | AX24: =Stats!U$6+Stats!AB$16 -> 5 | AY24: =Stats!V$6+Stats!V$16 -> 130 | AZ24: =Stats!W$6+Stats!W$16 -> 25 | BA24: =Stats!X$6+Stats!X$16 -> 18 | BB24: =Stats!Y$6+Stats!Y$16 -> 7 | BC24: =Stats!Z$6+Stats!Z$16 -> 6 | BD24: =ROUNDDOWN(Stats!AA$6+Stats!AA$16,0) -> 2 | BE24: =Stats!AB$6+Stats!AB$16 -> 6
A25: Fangs | B25: =Stats!A$4+Stats!V$18 -> 140 | C25: =Stats!B$4+Stats!W$18 -> 20 | D25: =Stats!C$4+Stats!X$18 -> 17 | E25: =Stats!D$4+Stats!Y$18 -> 5 | F25: =Stats!E$4+Stats!Z$18 -> 3 | G25: =ROUNDDOWN(Stats!F$4+Stats!AA$18,0) -> 2 | H25: =Stats!G$4+Stats!AB$18 -> 4 | I25: =Stats!H$4+Stats!V$18 -> 125 | J25: =Stats!I$4+Stats!W$18 -> 22 | K25: =Stats!J$4+Stats!X$18 -> 18 | L25: =Stats!K$4+Stats!Y$18 -> 9 | M25: =Stats!L$4+Stats!Z$18 -> 9 | N25: =ROUNDDOWN(Stats!M$4+Stats!AA$18,0) -> 1 | O25: =Stats!N$4+Stats!AB$18 -> 4 | P25: =Stats!O$4+Stats!V$18 -> 115 | Q25: =Stats!P$4+Stats!W$18 -> 20 | R25: =Stats!Q$4+Stats!X$18 -> 20 | S25: =Stats!R$4+Stats!Y$18 -> 7 | T25: =Stats!S$4+Stats!Z$18 -> 7 | U25: =ROUNDDOWN(Stats!T$4+Stats!AA$18,0) -> 1 | V25: =Stats!U$4+Stats!AB$18 -> 4 | W25: =Stats!V$4+Stats!V$18 -> 130 | X25: =Stats!W$4+Stats!W$18 -> 24 | Y25: =Stats!X$4+Stats!X$18 -> 20 | Z25: =Stats!Y$4+Stats!Y$18 -> 7 | AA25: =Stats!Z$4+Stats!Z$18 -> 7 | AB25: =ROUNDDOWN(Stats!AA$4+Stats!AA$18,0) -> 2 | AC25: =Stats!AB$4+Stats!AB$18 -> 4 | AD25: =Stats!A$6+Stats!V$18 -> 130 | AE25: =Stats!B$6+Stats!W$18 -> 25 | AF25: =Stats!C$6+Stats!X$18 -> 21 | AG25: =Stats!D$6+Stats!Y$18 -> 6 | AH25: =Stats!E$6+Stats!Z$18 -> 4 | AI25: =ROUNDDOWN(Stats!F$6+Stats!AA$18,0) -> 1 | AJ25: =Stats!G$6+Stats!AB$18 -> 3 | AK25: =Stats!H$6+Stats!V$18 -> 145 | AL25: =Stats!I$6+Stats!W$18 -> 19 | AM25: =Stats!J$6+Stats!X$18 -> 16 | AN25: =Stats!K$6+Stats!Y$18 -> 11 | AO25: =Stats!L$6+Stats!Z$18 -> 9 | AP25: =ROUNDDOWN(Stats!M$6+Stats!AA$18,0) -> 1 | AQ25: =Stats!N$6+Stats!AB$18 -> 3 | AR25: =Stats!O$6+Stats!V$18 -> 120 | AS25: =Stats!P$6+Stats!W$18 -> 25 | AT25: =Stats!Q$6+Stats!X$18 -> 23 | AU25: =Stats!R$6+Stats!Y$18 -> 7 | AV25: =Stats!S$6+Stats!Z$18 -> 5 | AW25: =ROUNDDOWN(Stats!T$6+Stats!AA$18,0) -> 1 | AX25: =Stats!U$6+Stats!AB$18 -> 4 | AY25: =Stats!V$6+Stats!V$18 -> 125 | AZ25: =Stats!W$6+Stats!W$18 -> 26 | BA25: =Stats!X$6+Stats!X$18 -> 23 | BB25: =Stats!Y$6+Stats!Y$18 -> 6 | BC25: =Stats!Z$6+Stats!Z$18 -> 5 | BD25: =ROUNDDOWN(Stats!AA$6+Stats!AA$18,0) -> 2 | BE25: =Stats!AB$6+Stats!AB$18 -> 5
